wijk_25,part,order,long,lat
Bijlmer-Centrum,1,0,4.9554018,52.3024971
Bijlmer-Centrum,1,1,4.9524911,52.3057058
Bijlmer-Centrum,1,2,4.94775,52.3105452
Bijlmer-Centrum,1,3,4.9439712,52.3146727
Bijlmer-Centrum,1,4,4.9437174,52.3151382
Bijlmer-Centrum,1,5,4.9429646,52.3157574
Bijlmer-Centrum,1,6,4.9419519,52.3174586
Bijlmer-Centrum,1,7,4.9402566,52.3190627
Bijlmer-Centrum,1,8,4.9403538,52.3191638
Bijlmer-Centrum,1,9,4.9402098,52.3193349
Bijlmer-Centrum,1,10,4.941046,52.3196211
Bijlmer-Centrum,1,11,4.9402082,52.320816
Bijlmer-Centrum,1,12,4.9399299,52.3219376
Bijlmer-Centrum,1,13,4.9376221,52.3233012
Bijlmer-Centrum,1,14,4.9379644,52.324124
Bijlmer-Centrum,1,15,4.9386148,52.3242173
Bijlmer-Centrum,1,16,4.9404967,52.3256794
Bijlmer-Centrum,1,17,4.9476615,52.32814
Bijlmer-Centrum,1,18,4.9526793,52.3226455
Bijlmer-Centrum,1,19,4.9567551,52.3240463
Bijlmer-Centrum,1,20,4.9714204,52.3079964
Bijlmer-Centrum,1,21,4.9554018,52.3024971
Bijlmer-Oost,1,0,4.9882338,52.3137801
Bijlmer-Oost,1,1,4.9714204,52.3079964
Bijlmer-Oost,1,2,4.9567551,52.3240463
Bijlmer-Oost,1,3,4.9675451,52.3277592
Bijlmer-Oost,1,4,4.9702577,52.3261707
Bijlmer-Oost,1,5,4.9711186,52.3266635
Bijlmer-Oost,1,6,4.9718106,52.3274739
Bijlmer-Oost,1,7,4.9740285,52.328908
Bijlmer-Oost,1,8,4.9748281,52.3297018
Bijlmer-Oost,1,9,4.9753101,52.3305626
Bijlmer-Oost,1,10,4.9771387,52.3306436
Bijlmer-Oost,1,11,4.9779496,52.3311614
Bijlmer-Oost,1,12,4.9798024,52.3310041
Bijlmer-Oost,1,13,4.9806863,52.3307618
Bijlmer-Oost,1,14,4.9830848,52.3307691
Bijlmer-Oost,1,15,4.9847921,52.3304819
Bijlmer-Oost,1,16,4.9890483,52.327986
Bijlmer-Oost,1,17,4.9905765,52.3265405
Bijlmer-Oost,1,18,4.9921121,52.3237677
Bijlmer-Oost,1,19,4.9968991,52.3176431
Bijlmer-Oost,1,20,4.9931754,52.3158028
Bijlmer-Oost,1,21,4.9882338,52.3137801
Bijlmer-West,1,0,4.9402098,52.3193349
Bijlmer-West,1,1,4.9395886,52.3191213
Bijlmer-West,1,2,4.9403345,52.3183036
Bijlmer-West,1,3,4.9398331,52.3171217
Bijlmer-West,1,4,4.9380442,52.3165072
Bijlmer-West,1,5,4.9387408,52.3156372
Bijlmer-West,1,6,4.9387273,52.3150925
Bijlmer-West,1,7,4.9352329,52.3138902
Bijlmer-West,1,8,4.9363555,52.312665
Bijlmer-West,1,9,4.9341415,52.3119051
Bijlmer-West,1,10,4.9300679,52.3093415
Bijlmer-West,1,11,4.930307,52.3091842
Bijlmer-West,1,12,4.9293312,52.3085343
Bijlmer-West,1,13,4.929912,52.3081052
Bijlmer-West,1,14,4.929419,52.3078309
Bijlmer-West,1,15,4.9298286,52.3075169
Bijlmer-West,1,16,4.9294761,52.3074159
Bijlmer-West,1,17,4.9304963,52.3061651
Bijlmer-West,1,18,4.9327239,52.3042646
Bijlmer-West,1,19,4.9332208,52.3035557
Bijlmer-West,1,20,4.9349391,52.3019704
Bijlmer-West,1,21,4.9464088,52.2885645
Bijlmer-West,1,22,4.9520942,52.2825359
Bijlmer-West,1,23,4.9518416,52.2824451
Bijlmer-West,1,24,4.9552448,52.2783079
Bijlmer-West,1,25,4.9571461,52.2786725
Bijlmer-West,1,26,4.9586659,52.2783446
Bijlmer-West,1,27,4.961056,52.2781762
Bijlmer-West,1,28,4.9622455,52.280208
Bijlmer-West,1,29,4.9653176,52.28045
Bijlmer-West,1,30,4.9661683,52.2809815
Bijlmer-West,1,31,4.966493,52.2800983
Bijlmer-West,1,32,4.9676762,52.2795839
Bijlmer-West,1,33,4.9687556,52.2807273
Bijlmer-West,1,34,4.9693759,52.2817829
Bijlmer-West,1,35,4.9697152,52.2831089
Bijlmer-West,1,36,4.9718415,52.284362
Bijlmer-West,1,37,4.9611581,52.2960144
Bijlmer-West,1,38,4.9595822,52.2980175
Bijlmer-West,1,39,4.9524911,52.3057058
Bijlmer-West,1,40,4.94775,52.3105452
Bijlmer-West,1,41,4.9439712,52.3146727
Bijlmer-West,1,42,4.9437174,52.3151382
Bijlmer-West,1,43,4.9429646,52.3157574
Bijlmer-West,1,44,4.9419519,52.3174586
Bijlmer-West,1,45,4.9409133,52.3185134
Bijlmer-West,1,46,4.940693,52.3185404
Bijlmer-West,1,47,4.9402566,52.3190627
Bijlmer-West,1,48,4.9403538,52.3191638
Bijlmer-West,1,49,4.9402098,52.3193349
Bos en Lommer,1,0,4.8551025,52.3742955
Bos en Lommer,1,1,4.8528978,52.3734857
Bos en Lommer,1,2,4.8452788,52.3722154
Bos en Lommer,1,3,4.8408623,52.3723003
Bos en Lommer,1,4,4.8353378,52.3731529
Bos en Lommer,1,5,4.8393053,52.3826964
Bos en Lommer,1,6,4.8394605,52.3840434
Bos en Lommer,1,7,4.8392577,52.3850176
Bos en Lommer,1,8,4.8606732,52.385394
Bos en Lommer,1,9,4.8608118,52.3841166
Bos en Lommer,1,10,4.8619226,52.3822179
Bos en Lommer,1,11,4.8644392,52.3754128
Bos en Lommer,1,12,4.8551025,52.3742955
"Buitenveldert, Zuidas",1,0,4.8901349,52.3361762
"Buitenveldert, Zuidas",1,1,4.892579,52.3348823
"Buitenveldert, Zuidas",1,2,4.8927467,52.3345802
"Buitenveldert, Zuidas",1,3,4.8926696,52.3342698
"Buitenveldert, Zuidas",1,4,4.893054,52.3338643
"Buitenveldert, Zuidas",1,5,4.89385,52.3340572
"Buitenveldert, Zuidas",1,6,4.894597,52.3340279
"Buitenveldert, Zuidas",1,7,4.8962522,52.3333364
"Buitenveldert, Zuidas",1,8,4.8967183,52.3329851
"Buitenveldert, Zuidas",1,9,4.8974203,52.3334473
"Buitenveldert, Zuidas",1,10,4.8987553,52.3327931
"Buitenveldert, Zuidas",1,11,4.8984771,52.3320774
"Buitenveldert, Zuidas",1,12,4.8990114,52.3307071
"Buitenveldert, Zuidas",1,13,4.8990266,52.3299955
"Buitenveldert, Zuidas",1,14,4.8971438,52.3277803
"Buitenveldert, Zuidas",1,15,4.8952543,52.3242026
"Buitenveldert, Zuidas",1,16,4.8954694,52.3233236
"Buitenveldert, Zuidas",1,17,4.8962964,52.3224219
"Buitenveldert, Zuidas",1,18,4.857868,52.3217363
"Buitenveldert, Zuidas",1,19,4.8576544,52.3216914
"Buitenveldert, Zuidas",1,20,4.857618,52.3214315
"Buitenveldert, Zuidas",1,21,4.8567601,52.3214159
"Buitenveldert, Zuidas",1,22,4.856574,52.3217692
"Buitenveldert, Zuidas",1,23,4.8563394,52.3217646
"Buitenveldert, Zuidas",1,24,4.8564265,52.3288482
"Buitenveldert, Zuidas",1,25,4.8559291,52.3303199
"Buitenveldert, Zuidas",1,26,4.8480115,52.3305727
"Buitenveldert, Zuidas",1,27,4.8475689,52.3300485
"Buitenveldert, Zuidas",1,28,4.8452423,52.3296839
"Buitenveldert, Zuidas",1,29,4.8439653,52.3302208
"Buitenveldert, Zuidas",1,30,4.8405226,52.3295912
"Buitenveldert, Zuidas",1,31,4.839482,52.3291486
"Buitenveldert, Zuidas",1,32,4.8396366,52.3275613
"Buitenveldert, Zuidas",1,33,4.8394196,52.3275485
"Buitenveldert, Zuidas",1,34,4.8394101,52.3273616
"Buitenveldert, Zuidas",1,35,4.8251838,52.3257339
"Buitenveldert, Zuidas",1,36,4.8198924,52.3257617
"Buitenveldert, Zuidas",1,37,4.8194737,52.3255728
"Buitenveldert, Zuidas",1,38,4.8184309,52.3255597
"Buitenveldert, Zuidas",1,39,4.8171271,52.3269277
"Buitenveldert, Zuidas",1,40,4.822131,52.3308244
"Buitenveldert, Zuidas",1,41,4.8355582,52.3310071
"Buitenveldert, Zuidas",1,42,4.8383383,52.3314855
"Buitenveldert, Zuidas",1,43,4.8462239,52.3341292
"Buitenveldert, Zuidas",1,44,4.8470942,52.3362847
"Buitenveldert, Zuidas",1,45,4.8469717,52.3381473
"Buitenveldert, Zuidas",1,46,4.8481328,52.3382344
"Buitenveldert, Zuidas",1,47,4.8485115,52.3384725
"Buitenveldert, Zuidas",1,48,4.8531673,52.3388351
"Buitenveldert, Zuidas",1,49,4.8532582,52.3385811
"Buitenveldert, Zuidas",1,50,4.8533049,52.3387296
"Buitenveldert, Zuidas",1,51,4.8570945,52.3389021
"Buitenveldert, Zuidas",1,52,4.8574622,52.3415362
"Buitenveldert, Zuidas",1,53,4.8572996,52.3422537
"Buitenveldert, Zuidas",1,54,4.8594707,52.3425455
"Buitenveldert, Zuidas",1,55,4.8626567,52.3425335
"Buitenveldert, Zuidas",1,56,4.8669119,52.3438186
"Buitenveldert, Zuidas",1,57,4.8709951,52.3443938
"Buitenveldert, Zuidas",1,58,4.8785876,52.3446845
"Buitenveldert, Zuidas",1,59,4.8812579,52.3460197
"Buitenveldert, Zuidas",1,60,4.8813984,52.3459125
"Buitenveldert, Zuidas",1,61,4.8810526,52.3457393
"Buitenveldert, Zuidas",1,62,4.8811006,52.3456425
"Buitenveldert, Zuidas",1,63,4.8816688,52.3454975
"Buitenveldert, Zuidas",1,64,4.8815684,52.3452868
"Buitenveldert, Zuidas",1,65,4.8818943,52.3450266
"Buitenveldert, Zuidas",1,66,4.8824393,52.3450928
"Buitenveldert, Zuidas",1,67,4.8825815,52.3449846
"Buitenveldert, Zuidas",1,68,4.8823608,52.3447796
"Buitenveldert, Zuidas",1,69,4.8824468,52.3446955
"Buitenveldert, Zuidas",1,70,4.8832108,52.3443653
"Buitenveldert, Zuidas",1,71,4.8835427,52.3443416
"Buitenveldert, Zuidas",1,72,4.8836069,52.3445171
"Buitenveldert, Zuidas",1,73,4.8857259,52.3443769
"Buitenveldert, Zuidas",1,74,4.8857421,52.3445064
"Buitenveldert, Zuidas",1,75,4.8906816,52.3442467
"Buitenveldert, Zuidas",1,76,4.8924072,52.3421544
"Buitenveldert, Zuidas",1,77,4.8918854,52.3376189
"Buitenveldert, Zuidas",1,78,4.8901349,52.3361762
Centrum-Oost,1,0,4.9061712,52.3595509
Centrum-Oost,1,1,4.8980388,52.3579349
Centrum-Oost,1,2,4.8900084,52.3585325
Centrum-Oost,1,3,4.8889313,52.3590187
Centrum-Oost,1,4,4.8876849,52.360074
Centrum-Oost,1,5,4.8844043,52.3617265
Centrum-Oost,1,6,4.8819629,52.3621196
Centrum-Oost,1,7,4.88166,52.3624167
Centrum-Oost,1,8,4.8814126,52.3631275
Centrum-Oost,1,9,4.8807081,52.3636269
Centrum-Oost,1,10,4.8794202,52.3641786
Centrum-Oost,1,11,4.8792251,52.3649247
Centrum-Oost,1,12,4.8866657,52.3675465
Centrum-Oost,1,13,4.8867026,52.36804
Centrum-Oost,1,14,4.8880602,52.3684987
Centrum-Oost,1,15,4.8896402,52.3672848
Centrum-Oost,1,16,4.8911605,52.3669704
Centrum-Oost,1,17,4.8931521,52.3669077
Centrum-Oost,1,18,4.8938806,52.36729
Centrum-Oost,1,19,4.8953722,52.3674237
Centrum-Oost,1,20,4.8998566,52.3722237
Centrum-Oost,1,21,4.8996863,52.3723407
Centrum-Oost,1,22,4.9000988,52.3729095
Centrum-Oost,1,23,4.9007084,52.3730181
Centrum-Oost,1,24,4.9022734,52.3761415
Centrum-Oost,1,25,4.9032539,52.3765894
Centrum-Oost,1,26,4.9035457,52.377173
Centrum-Oost,1,27,4.9064092,52.3800409
Centrum-Oost,1,28,4.9076225,52.3798849
Centrum-Oost,1,29,4.9105933,52.379914
Centrum-Oost,1,30,4.9111582,52.377637
Centrum-Oost,1,31,4.9119841,52.37758
Centrum-Oost,1,32,4.9120868,52.377185
Centrum-Oost,1,33,4.9119056,52.3770989
Centrum-Oost,1,34,4.9119807,52.3767973
Centrum-Oost,1,35,4.9141168,52.3767159
Centrum-Oost,1,36,4.9235166,52.3752107
Centrum-Oost,1,37,4.9298548,52.3733452
Centrum-Oost,1,38,4.9311779,52.3727508
Centrum-Oost,1,39,4.9322581,52.3719622
Centrum-Oost,1,40,4.9329145,52.370666
Centrum-Oost,1,41,4.9328251,52.3690704
Centrum-Oost,1,42,4.9315864,52.3665689
Centrum-Oost,1,43,4.926988,52.3664253
Centrum-Oost,1,44,4.9220666,52.3636164
Centrum-Oost,1,45,4.9200469,52.3632885
Centrum-Oost,1,46,4.9184267,52.3622673
Centrum-Oost,1,47,4.9162414,52.3620682
Centrum-Oost,1,48,4.9140364,52.3614959
Centrum-Oost,1,49,4.9116275,52.3612211
Centrum-Oost,1,50,4.9102568,52.3606242
Centrum-Oost,1,51,4.9083267,52.3605913
Centrum-Oost,1,52,4.9061712,52.3595509
Centrum-West,1,0,4.9022734,52.3761415
Centrum-West,1,1,4.9007084,52.3730181
Centrum-West,1,2,4.9000988,52.3729095
Centrum-West,1,3,4.8996863,52.3723407
Centrum-West,1,4,4.8998566,52.3722237
Centrum-West,1,5,4.8992953,52.371577
Centrum-West,1,6,4.8952686,52.3673677
Centrum-West,1,7,4.8938806,52.36729
Centrum-West,1,8,4.8931521,52.3669077
Centrum-West,1,9,4.8911605,52.3669704
Centrum-West,1,10,4.8896402,52.3672848
Centrum-West,1,11,4.8880602,52.3684987
Centrum-West,1,12,4.8867026,52.36804
Centrum-West,1,13,4.8866657,52.3675465
Centrum-West,1,14,4.8792251,52.3649247
Centrum-West,1,15,4.8791362,52.3653818
Centrum-West,1,16,4.8788169,52.3658343
Centrum-West,1,17,4.8775185,52.3667715
Centrum-West,1,18,4.8770876,52.368108
Centrum-West,1,19,4.8756737,52.3696396
Centrum-West,1,20,4.875045,52.370683
Centrum-West,1,21,4.8744401,52.3722011
Centrum-West,1,22,4.8746458,52.3725625
Centrum-West,1,23,4.8753837,52.3731498
Centrum-West,1,24,4.8755404,52.3742137
Centrum-West,1,25,4.8758534,52.3741836
Centrum-West,1,26,4.8780137,52.3777619
Centrum-West,1,27,4.8779092,52.3777866
Centrum-West,1,28,4.8782933,52.3783517
Centrum-West,1,29,4.8781004,52.3783994
Centrum-West,1,30,4.8798614,52.3812201
Centrum-West,1,31,4.879597,52.3818652
Centrum-West,1,32,4.8807609,52.3827087
Centrum-West,1,33,4.8823513,52.3851862
Centrum-West,1,34,4.8840028,52.387343
Centrum-West,1,35,4.8844846,52.3883795
Centrum-West,1,36,4.8859771,52.3881297
Centrum-West,1,37,4.8920747,52.3885067
Centrum-West,1,38,4.8922134,52.3881909
Centrum-West,1,39,4.8923669,52.3885241
Centrum-West,1,40,4.895084,52.3886917
Centrum-West,1,41,4.8962473,52.3856489
Centrum-West,1,42,4.8973112,52.384271
Centrum-West,1,43,4.8986643,52.3830444
Centrum-West,1,44,4.9003679,52.38198
Centrum-West,1,45,4.902263,52.3811286
Centrum-West,1,46,4.9043132,52.3804638
Centrum-West,1,47,4.9064092,52.3800409
Centrum-West,1,48,4.9035457,52.377173
Centrum-West,1,49,4.9032539,52.3765894
Centrum-West,1,50,4.9022734,52.3761415
"De Aker, Sloten, Nieuw-Sloten",1,0,4.7961551,52.3470717
"De Aker, Sloten, Nieuw-Sloten",1,1,4.7977511,52.3483523
"De Aker, Sloten, Nieuw-Sloten",1,2,4.7994352,52.3490742
"De Aker, Sloten, Nieuw-Sloten",1,3,4.8111027,52.3514872
"De Aker, Sloten, Nieuw-Sloten",1,4,4.8129555,52.3516678
"De Aker, Sloten, Nieuw-Sloten",1,5,4.8211785,52.3517388
"De Aker, Sloten, Nieuw-Sloten",1,6,4.8212956,52.348644
"De Aker, Sloten, Nieuw-Sloten",1,7,4.8222263,52.346779
"De Aker, Sloten, Nieuw-Sloten",1,8,4.8220796,52.3466551
"De Aker, Sloten, Nieuw-Sloten",1,9,4.822124,52.3459444
"De Aker, Sloten, Nieuw-Sloten",1,10,4.8228292,52.3453042
"De Aker, Sloten, Nieuw-Sloten",1,11,4.8229436,52.3448401
"De Aker, Sloten, Nieuw-Sloten",1,12,4.8239367,52.3446417
"De Aker, Sloten, Nieuw-Sloten",1,13,4.8256881,52.3450536
"De Aker, Sloten, Nieuw-Sloten",1,14,4.8275947,52.3451568
"De Aker, Sloten, Nieuw-Sloten",1,15,4.8275744,52.3455936
"De Aker, Sloten, Nieuw-Sloten",1,16,4.8344141,52.3456356
"De Aker, Sloten, Nieuw-Sloten",1,17,4.8344545,52.3443811
"De Aker, Sloten, Nieuw-Sloten",1,18,4.8351961,52.3410393
"De Aker, Sloten, Nieuw-Sloten",1,19,4.8359999,52.3400059
"De Aker, Sloten, Nieuw-Sloten",1,20,4.8369343,52.3391914
"De Aker, Sloten, Nieuw-Sloten",1,21,4.8385362,52.3382838
"De Aker, Sloten, Nieuw-Sloten",1,22,4.8402011,52.337711
"De Aker, Sloten, Nieuw-Sloten",1,23,4.8431129,52.3375311
"De Aker, Sloten, Nieuw-Sloten",1,24,4.8470316,52.3376929
"De Aker, Sloten, Nieuw-Sloten",1,25,4.8470942,52.3362847
"De Aker, Sloten, Nieuw-Sloten",1,26,4.8462239,52.3341292
"De Aker, Sloten, Nieuw-Sloten",1,27,4.8383383,52.3314855
"De Aker, Sloten, Nieuw-Sloten",1,28,4.8355582,52.3310071
"De Aker, Sloten, Nieuw-Sloten",1,29,4.822131,52.3308244
"De Aker, Sloten, Nieuw-Sloten",1,30,4.8171271,52.3269277
"De Aker, Sloten, Nieuw-Sloten",1,31,4.8154409,52.3278956
"De Aker, Sloten, Nieuw-Sloten",1,32,4.7977716,52.3352852
"De Aker, Sloten, Nieuw-Sloten",1,33,4.7917878,52.3410308
"De Aker, Sloten, Nieuw-Sloten",1,34,4.7905472,52.3418451
"De Aker, Sloten, Nieuw-Sloten",1,35,4.7673993,52.3512714
"De Aker, Sloten, Nieuw-Sloten",1,36,4.770281,52.3540807
"De Aker, Sloten, Nieuw-Sloten",1,37,4.7731672,52.3551248
"De Aker, Sloten, Nieuw-Sloten",1,38,4.7758999,52.3572824
"De Aker, Sloten, Nieuw-Sloten",1,39,4.7764918,52.3573717
"De Aker, Sloten, Nieuw-Sloten",1,40,4.777285,52.3572266
"De Aker, Sloten, Nieuw-Sloten",1,41,4.7769817,52.3567596
"De Aker, Sloten, Nieuw-Sloten",1,42,4.7870129,52.3527671
"De Aker, Sloten, Nieuw-Sloten",1,43,4.7888269,52.3526783
"De Aker, Sloten, Nieuw-Sloten",1,44,4.7918129,52.3531894
"De Aker, Sloten, Nieuw-Sloten",1,45,4.7955761,52.3462536
"De Aker, Sloten, Nieuw-Sloten",1,46,4.7961551,52.3470717
"De Pijp, Rivierenbuurt",1,0,4.9127079,52.3473369
"De Pijp, Rivierenbuurt",1,1,4.913857,52.3438759
"De Pijp, Rivierenbuurt",1,2,4.9149452,52.3424286
"De Pijp, Rivierenbuurt",1,3,4.9149687,52.3418617
"De Pijp, Rivierenbuurt",1,4,4.9146809,52.3413402
"De Pijp, Rivierenbuurt",1,5,4.9140463,52.3405773
"De Pijp, Rivierenbuurt",1,6,4.9126245,52.339734
"De Pijp, Rivierenbuurt",1,7,4.9100715,52.3390442
"De Pijp, Rivierenbuurt",1,8,4.9074102,52.3379154
"De Pijp, Rivierenbuurt",1,9,4.9071905,52.3376162
"De Pijp, Rivierenbuurt",1,10,4.9066292,52.3356492
"De Pijp, Rivierenbuurt",1,11,4.9055486,52.3344891
"De Pijp, Rivierenbuurt",1,12,4.9045479,52.3336976
"De Pijp, Rivierenbuurt",1,13,4.9035517,52.3334311
"De Pijp, Rivierenbuurt",1,14,4.9002012,52.3333769
"De Pijp, Rivierenbuurt",1,15,4.8992957,52.3331504
"De Pijp, Rivierenbuurt",1,16,4.8987553,52.3327931
"De Pijp, Rivierenbuurt",1,17,4.8974203,52.3334473
"De Pijp, Rivierenbuurt",1,18,4.8967183,52.3329851
"De Pijp, Rivierenbuurt",1,19,4.8962522,52.3333364
"De Pijp, Rivierenbuurt",1,20,4.894597,52.3340279
"De Pijp, Rivierenbuurt",1,21,4.8930214,52.3338812
"De Pijp, Rivierenbuurt",1,22,4.8926696,52.3342698
"De Pijp, Rivierenbuurt",1,23,4.8927467,52.3345802
"De Pijp, Rivierenbuurt",1,24,4.892579,52.3348823
"De Pijp, Rivierenbuurt",1,25,4.8901349,52.3361762
"De Pijp, Rivierenbuurt",1,26,4.8918854,52.3376189
"De Pijp, Rivierenbuurt",1,27,4.8924152,52.3418364
"De Pijp, Rivierenbuurt",1,28,4.8923004,52.3423795
"De Pijp, Rivierenbuurt",1,29,4.8906816,52.3442467
"De Pijp, Rivierenbuurt",1,30,4.8857421,52.3445064
"De Pijp, Rivierenbuurt",1,31,4.8865269,52.3506563
"De Pijp, Rivierenbuurt",1,32,4.8864988,52.3527665
"De Pijp, Rivierenbuurt",1,33,4.8867723,52.3533798
"De Pijp, Rivierenbuurt",1,34,4.8865819,52.3568536
"De Pijp, Rivierenbuurt",1,35,4.8867947,52.3596011
"De Pijp, Rivierenbuurt",1,36,4.8869642,52.3599244
"De Pijp, Rivierenbuurt",1,37,4.8873896,52.3602327
"De Pijp, Rivierenbuurt",1,38,4.8892535,52.3588277
"De Pijp, Rivierenbuurt",1,39,4.8904368,52.3584327
"De Pijp, Rivierenbuurt",1,40,4.8980388,52.3579349
"De Pijp, Rivierenbuurt",1,41,4.9046336,52.3592121
"De Pijp, Rivierenbuurt",1,42,4.9065524,52.3553848
"De Pijp, Rivierenbuurt",1,43,4.9102489,52.3513661
"De Pijp, Rivierenbuurt",1,44,4.9127079,52.3473369
Gaasperdam,1,0,4.9835082,52.2903692
Gaasperdam,1,1,4.9828919,52.2896436
Gaasperdam,1,2,4.97515,52.2863445
Gaasperdam,1,3,4.9718415,52.284362
Gaasperdam,1,4,4.9554018,52.3024971
Gaasperdam,1,5,4.9882338,52.3137801
Gaasperdam,1,6,4.9931754,52.3158028
Gaasperdam,1,7,4.9968991,52.3176431
Gaasperdam,1,8,4.9973725,52.3166731
Gaasperdam,1,9,4.9971488,52.3159066
Gaasperdam,1,10,4.9970941,52.3144567
Gaasperdam,1,11,4.9973003,52.3141968
Gaasperdam,1,12,4.9980818,52.3140358
Gaasperdam,1,13,4.9972009,52.3134981
Gaasperdam,1,14,5.0024025,52.3105986
Gaasperdam,1,15,5.0039248,52.310218
Gaasperdam,1,16,5.0068422,52.3099541
Gaasperdam,1,17,5.0085809,52.3093216
Gaasperdam,1,18,5.0098291,52.3084034
Gaasperdam,1,19,5.0102072,52.3077341
Gaasperdam,1,20,5.008498,52.3073314
Gaasperdam,1,21,5.0082709,52.3071429
Gaasperdam,1,22,5.0085798,52.3070262
Gaasperdam,1,23,5.009606,52.3072235
Gaasperdam,1,24,5.010203,52.3061496
Gaasperdam,1,25,5.009493,52.3060287
Gaasperdam,1,26,5.0099046,52.3055582
Gaasperdam,1,27,5.0095842,52.3053019
Gaasperdam,1,28,5.0104414,52.3048471
Gaasperdam,1,29,5.0111198,52.3048925
Gaasperdam,1,30,5.0118928,52.3045058
Gaasperdam,1,31,5.0113111,52.3042792
Gaasperdam,1,32,5.0118286,52.3037766
Gaasperdam,1,33,5.0126487,52.3038799
Gaasperdam,1,34,5.0127216,52.3035854
Gaasperdam,1,35,5.0114269,52.3032469
Gaasperdam,1,36,5.0099177,52.3020953
Gaasperdam,1,37,5.0078935,52.3015235
Gaasperdam,1,38,5.0075458,52.3008689
Gaasperdam,1,39,5.0052667,52.2983946
Gaasperdam,1,40,5.0038364,52.2985103
Gaasperdam,1,41,5.0032348,52.2973895
Gaasperdam,1,42,5.0032373,52.2960772
Gaasperdam,1,43,5.0018536,52.2958804
Gaasperdam,1,44,5.0017908,52.2927938
Gaasperdam,1,45,4.9988157,52.2902406
Gaasperdam,1,46,4.9985519,52.2902352
Gaasperdam,1,47,4.9984542,52.2898403
Gaasperdam,1,48,4.997477,52.28912
Gaasperdam,1,49,4.9904611,52.2896044
Gaasperdam,1,50,4.9835082,52.2903692
"Geuzenveld, Slotermeer",1,0,4.8354925,52.3734511
"Geuzenveld, Slotermeer",1,1,4.8344177,52.3703777
"Geuzenveld, Slotermeer",1,2,4.8323186,52.3707948
"Geuzenveld, Slotermeer",1,3,4.8319685,52.3701407
"Geuzenveld, Slotermeer",1,4,4.8307935,52.3696985
"Geuzenveld, Slotermeer",1,5,4.8299054,52.3699153
"Geuzenveld, Slotermeer",1,6,4.8293191,52.3703053
"Geuzenveld, Slotermeer",1,7,4.829329,52.3705598
"Geuzenveld, Slotermeer",1,8,4.8271611,52.3721277
"Geuzenveld, Slotermeer",1,9,4.8121834,52.359726
"Geuzenveld, Slotermeer",1,10,4.8103858,52.3631981
"Geuzenveld, Slotermeer",1,11,4.8092407,52.3637544
"Geuzenveld, Slotermeer",1,12,4.8088138,52.364634
"Geuzenveld, Slotermeer",1,13,4.8088122,52.3656586
"Geuzenveld, Slotermeer",1,14,4.8076171,52.3667861
"Geuzenveld, Slotermeer",1,15,4.8055833,52.3705051
"Geuzenveld, Slotermeer",1,16,4.8051328,52.3716003
"Geuzenveld, Slotermeer",1,17,4.8052745,52.3726678
"Geuzenveld, Slotermeer",1,18,4.7930024,52.3737934
"Geuzenveld, Slotermeer",1,19,4.7921367,52.3748459
"Geuzenveld, Slotermeer",1,20,4.791566,52.374693
"Geuzenveld, Slotermeer",1,21,4.7892267,52.3760007
"Geuzenveld, Slotermeer",1,22,4.7809324,52.3696402
"Geuzenveld, Slotermeer",1,23,4.764594,52.3792057
"Geuzenveld, Slotermeer",1,24,4.7621556,52.3802741
"Geuzenveld, Slotermeer",1,25,4.7601746,52.3813953
"Geuzenveld, Slotermeer",1,26,4.7592084,52.3808661
"Geuzenveld, Slotermeer",1,27,4.7590854,52.3809437
"Geuzenveld, Slotermeer",1,28,4.7589597,52.3841201
"Geuzenveld, Slotermeer",1,29,4.8392577,52.3850176
"Geuzenveld, Slotermeer",1,30,4.8394605,52.3840434
"Geuzenveld, Slotermeer",1,31,4.8393053,52.3826964
"Geuzenveld, Slotermeer",1,32,4.8354925,52.3734511
"IJburg, Zeeburgereiland",1,0,5.0159026,52.3483231
"IJburg, Zeeburgereiland",1,1,5.0123834,52.3443098
"IJburg, Zeeburgereiland",1,2,5.0121942,52.3435975
"IJburg, Zeeburgereiland",1,3,5.0118014,52.3431909
"IJburg, Zeeburgereiland",1,4,5.0106686,52.3424916
"IJburg, Zeeburgereiland",1,5,5.0093057,52.3419409
"IJburg, Zeeburgereiland",1,6,5.0082527,52.3418521
"IJburg, Zeeburgereiland",1,7,5.0054771,52.3424616
"IJburg, Zeeburgereiland",1,8,5.0041657,52.3425787
"IJburg, Zeeburgereiland",1,9,5.0007732,52.3422154
"IJburg, Zeeburgereiland",1,10,4.9999114,52.3419339
"IJburg, Zeeburgereiland",1,11,4.9993236,52.3415374
"IJburg, Zeeburgereiland",1,12,4.9741563,52.354826
"IJburg, Zeeburgereiland",1,13,4.9721827,52.3555463
"IJburg, Zeeburgereiland",1,14,4.9695984,52.3561025
"IJburg, Zeeburgereiland",1,15,4.9697163,52.3563636
"IJburg, Zeeburgereiland",1,16,4.9645448,52.3574695
"IJburg, Zeeburgereiland",1,17,4.9623018,52.3583881
"IJburg, Zeeburgereiland",1,18,4.9613098,52.3591315
"IJburg, Zeeburgereiland",1,19,4.9575231,52.3649904
"IJburg, Zeeburgereiland",1,20,4.9565733,52.3684615
"IJburg, Zeeburgereiland",1,21,4.9566847,52.3695305
"IJburg, Zeeburgereiland",1,22,4.954989,52.3764799
"IJburg, Zeeburgereiland",1,23,4.9524283,52.3825712
"IJburg, Zeeburgereiland",1,24,4.9567105,52.3826507
"IJburg, Zeeburgereiland",1,25,4.9584114,52.3824734
"IJburg, Zeeburgereiland",1,26,4.9596577,52.382096
"IJburg, Zeeburgereiland",1,27,4.9615783,52.381223
"IJburg, Zeeburgereiland",1,28,4.9637203,52.3797675
"IJburg, Zeeburgereiland",1,29,4.9797443,52.3713331
"IJburg, Zeeburgereiland",1,30,4.9821213,52.3703858
"IJburg, Zeeburgereiland",1,31,4.9865405,52.3691254
"IJburg, Zeeburgereiland",1,32,4.9914059,52.3683788
"IJburg, Zeeburgereiland",1,33,4.9964536,52.3682301
"IJburg, Zeeburgereiland",1,34,4.998746,52.368359
"IJburg, Zeeburgereiland",1,35,5.0144397,52.3698257
"IJburg, Zeeburgereiland",1,36,5.0376835,52.3754013
"IJburg, Zeeburgereiland",1,37,5.0390597,52.3545758
"IJburg, Zeeburgereiland",1,38,5.0159026,52.3483231
"Indische Buurt, Oostelijk Havengebied",1,0,4.9407053,52.3584051
"Indische Buurt, Oostelijk Havengebied",1,1,4.9374311,52.3577402
"Indische Buurt, Oostelijk Havengebied",1,2,4.9348599,52.3588386
"Indische Buurt, Oostelijk Havengebied",1,3,4.9333425,52.3599446
"Indische Buurt, Oostelijk Havengebied",1,4,4.93212,52.3611982
"Indische Buurt, Oostelijk Havengebied",1,5,4.9314079,52.3632177
"Indische Buurt, Oostelijk Havengebied",1,6,4.93124,52.3632736
"Indische Buurt, Oostelijk Havengebied",1,7,4.9312629,52.3646165
"Indische Buurt, Oostelijk Havengebied",1,8,4.932096,52.3665717
"Indische Buurt, Oostelijk Havengebied",1,9,4.9315864,52.3665689
"Indische Buurt, Oostelijk Havengebied",1,10,4.9326909,52.3686987
"Indische Buurt, Oostelijk Havengebied",1,11,4.9329729,52.3704074
"Indische Buurt, Oostelijk Havengebied",1,12,4.9323964,52.3717848
"Indische Buurt, Oostelijk Havengebied",1,13,4.9314323,52.3725863
"Indische Buurt, Oostelijk Havengebied",1,14,4.9298548,52.3733452
"Indische Buurt, Oostelijk Havengebied",1,15,4.9235166,52.3752107
"Indische Buurt, Oostelijk Havengebied",1,16,4.9141168,52.3767159
"Indische Buurt, Oostelijk Havengebied",1,17,4.9119807,52.3767973
"Indische Buurt, Oostelijk Havengebied",1,18,4.9119056,52.3770989
"Indische Buurt, Oostelijk Havengebied",1,19,4.9120868,52.377185
"Indische Buurt, Oostelijk Havengebied",1,20,4.9119841,52.37758
"Indische Buurt, Oostelijk Havengebied",1,21,4.9111582,52.377637
"Indische Buurt, Oostelijk Havengebied",1,22,4.9105933,52.379914
"Indische Buurt, Oostelijk Havengebied",1,23,4.9175025,52.3805472
"Indische Buurt, Oostelijk Havengebied",1,24,4.9310876,52.3821416
"Indische Buurt, Oostelijk Havengebied",1,25,4.9398315,52.3825137
"Indische Buurt, Oostelijk Havengebied",1,26,4.9524283,52.3825712
"Indische Buurt, Oostelijk Havengebied",1,27,4.954989,52.3764799
"Indische Buurt, Oostelijk Havengebied",1,28,4.9566847,52.3695305
"Indische Buurt, Oostelijk Havengebied",1,29,4.9565733,52.3684615
"Indische Buurt, Oostelijk Havengebied",1,30,4.9575231,52.3649904
"Indische Buurt, Oostelijk Havengebied",1,31,4.9613098,52.3591315
"Indische Buurt, Oostelijk Havengebied",1,32,4.9590868,52.3579426
"Indische Buurt, Oostelijk Havengebied",1,33,4.9585394,52.3577941
"Indische Buurt, Oostelijk Havengebied",1,34,4.9407053,52.3584051
Noord-Oost,1,0,4.9524295,52.3898305
Noord-Oost,1,1,4.9516056,52.3912924
Noord-Oost,1,2,4.9401983,52.3946878
Noord-Oost,1,3,4.9358918,52.393273
Noord-Oost,1,4,4.9338967,52.3929949
Noord-Oost,1,5,4.9245474,52.3952641
Noord-Oost,1,6,4.9248375,52.3956176
Noord-Oost,1,7,4.9238379,52.3968018
Noord-Oost,1,8,4.9223111,52.3993546
Noord-Oost,1,9,4.9225322,52.3995676
Noord-Oost,1,10,4.9231025,52.4012388
Noord-Oost,1,11,4.9249833,52.4043406
Noord-Oost,1,12,4.9251558,52.4064129
Noord-Oost,1,13,4.9254067,52.4070196
Noord-Oost,1,14,4.9268438,52.4084452
Noord-Oost,1,15,4.9281867,52.4093266
Noord-Oost,1,16,4.9294687,52.4108469
Noord-Oost,1,17,4.9305125,52.4115331
Noord-Oost,1,18,4.9352894,52.412069
Noord-Oost,1,19,4.9425747,52.4138392
Noord-Oost,1,20,4.9441259,52.4143743
Noord-Oost,1,21,4.9449808,52.4153158
Noord-Oost,1,22,4.9477939,52.4215626
Noord-Oost,1,23,4.9485318,52.4214251
Noord-Oost,1,24,4.9497146,52.4219257
Noord-Oost,1,25,4.9514874,52.4219294
Noord-Oost,1,26,4.9516492,52.4225349
Noord-Oost,1,27,4.9513381,52.4232267
Noord-Oost,1,28,4.9514465,52.4232648
Noord-Oost,1,29,4.9527758,52.4236795
Noord-Oost,1,30,4.9524998,52.4234862
Noord-Oost,1,31,4.9526154,52.4232557
Noord-Oost,1,32,4.9536074,52.4222149
Noord-Oost,1,33,4.9558839,52.4224408
Noord-Oost,1,34,4.9559547,52.4219548
Noord-Oost,1,35,4.9733257,52.4227975
Noord-Oost,1,36,4.9826422,52.4267625
Noord-Oost,1,37,4.9871072,52.4228411
Noord-Oost,1,38,4.9877738,52.4232676
Noord-Oost,1,39,4.9891884,52.423372
Noord-Oost,1,40,4.9904103,52.4245185
Noord-Oost,1,41,4.9904498,52.4255206
Noord-Oost,1,42,4.9913771,52.4254007
Noord-Oost,1,43,5.0001609,52.425443
Noord-Oost,1,44,5.0182101,52.4190591
Noord-Oost,1,45,5.0203184,52.4198979
Noord-Oost,1,46,5.0211583,52.421068
Noord-Oost,1,47,5.0216158,52.4212213
Noord-Oost,1,48,5.0235627,52.4202656
Noord-Oost,1,49,5.0265042,52.4200633
Noord-Oost,1,50,5.0283617,52.4194156
Noord-Oost,1,51,5.0289835,52.4188584
Noord-Oost,1,52,5.0297322,52.4177059
Noord-Oost,1,53,5.0300538,52.4168288
Noord-Oost,1,54,5.0300486,52.4156432
Noord-Oost,1,55,5.0324937,52.416277
Noord-Oost,1,56,5.0334723,52.4166853
Noord-Oost,1,57,5.0340682,52.4171733
Noord-Oost,1,58,5.0344085,52.4178132
Noord-Oost,1,59,5.0350507,52.4182025
Noord-Oost,1,60,5.0354749,52.418273
Noord-Oost,1,61,5.0368786,52.4180884
Noord-Oost,1,62,5.0393934,52.4173813
Noord-Oost,1,63,5.0425935,52.4169844
Noord-Oost,1,64,5.0491809,52.4151285
Noord-Oost,1,65,5.0525246,52.4155397
Noord-Oost,1,66,5.05776,52.4165367
Noord-Oost,1,67,5.0625603,52.4161724
Noord-Oost,1,68,5.0636858,52.4164316
Noord-Oost,1,69,5.0654159,52.4172389
Noord-Oost,1,70,5.0682737,52.4165573
Noord-Oost,1,71,5.074265,52.4138375
Noord-Oost,1,72,5.079165,52.388654
Noord-Oost,1,73,5.0671014,52.3846731
Noord-Oost,1,74,5.0376835,52.3754013
Noord-Oost,1,75,5.0144397,52.3698257
Noord-Oost,1,76,4.998746,52.368359
Noord-Oost,1,77,4.9938724,52.3682449
Noord-Oost,1,78,4.9914059,52.3683788
Noord-Oost,1,79,4.9865405,52.3691254
Noord-Oost,1,80,4.9821213,52.3703858
Noord-Oost,1,81,4.9797443,52.3713331
Noord-Oost,1,82,4.9637203,52.3797675
Noord-Oost,1,83,4.9615783,52.381223
Noord-Oost,1,84,4.9596577,52.382096
Noord-Oost,1,85,4.9584114,52.3824734
Noord-Oost,1,86,4.9567105,52.3826507
Noord-Oost,1,87,4.9524283,52.3825712
Noord-Oost,1,88,4.9524295,52.3898305
Noord-West,1,0,4.9205214,52.4165659
Noord-West,1,1,4.9303907,52.4120818
Noord-West,1,2,4.9307219,52.4116084
Noord-West,1,3,4.9296581,52.411013
Noord-West,1,4,4.9281867,52.4093266
Noord-West,1,5,4.9268438,52.4084452
Noord-West,1,6,4.9254067,52.4070196
Noord-West,1,7,4.9251558,52.4064129
Noord-West,1,8,4.9249833,52.4043406
Noord-West,1,9,4.9231025,52.4012388
Noord-West,1,10,4.9225322,52.3995676
Noord-West,1,11,4.9221079,52.3992577
Noord-West,1,12,4.9215074,52.3997756
Noord-West,1,13,4.9198698,52.4004038
Noord-West,1,14,4.917595,52.4009952
Noord-West,1,15,4.9147288,52.401497
Noord-West,1,16,4.9148365,52.4009007
Noord-West,1,17,4.9139988,52.4007697
Noord-West,1,18,4.9106722,52.4007851
Noord-West,1,19,4.908922,52.400948
Noord-West,1,20,4.9040787,52.4028545
Noord-West,1,21,4.902411,52.4040528
Noord-West,1,22,4.9001955,52.4014752
Noord-West,1,23,4.8935129,52.4046255
Noord-West,1,24,4.8931721,52.4051607
Noord-West,1,25,4.8930205,52.406368
Noord-West,1,26,4.8927726,52.4068532
Noord-West,1,27,4.8900657,52.4084318
Noord-West,1,28,4.8805114,52.4129787
Noord-West,1,29,4.8794445,52.4136024
Noord-West,1,30,4.8795507,52.4138346
Noord-West,1,31,4.8781972,52.4144563
Noord-West,1,32,4.8779465,52.4144004
Noord-West,1,33,4.87561,52.415502
Noord-West,1,34,4.8750148,52.4161295
Noord-West,1,35,4.8729999,52.416119
Noord-West,1,36,4.8701523,52.4174098
Noord-West,1,37,4.8677684,52.4182703
Noord-West,1,38,4.863632,52.4139048
Noord-West,1,39,4.8608819,52.414902
Noord-West,1,40,4.8557191,52.4163242
Noord-West,1,41,4.8594676,52.4197589
Noord-West,1,42,4.8598648,52.4204752
Noord-West,1,43,4.8597318,52.4212808
Noord-West,1,44,4.8579135,52.4237308
Noord-West,1,45,4.8578248,52.4242759
Noord-West,1,46,4.8580873,52.4249386
Noord-West,1,47,4.8624612,52.4287768
Noord-West,1,48,4.8628129,52.429624
Noord-West,1,49,4.8626857,52.4299425
Noord-West,1,50,4.8659779,52.4306796
Noord-West,1,51,4.8683716,52.4304222
Noord-West,1,52,4.8689694,52.4302361
Noord-West,1,53,4.8697043,52.4297468
Noord-West,1,54,4.8707481,52.4303958
Noord-West,1,55,4.8709651,52.4301891
Noord-West,1,56,4.8721078,52.4299181
Noord-West,1,57,4.8727443,52.4295435
Noord-West,1,58,4.8732546,52.4295439
Noord-West,1,59,4.8741197,52.4279649
Noord-West,1,60,4.8752592,52.427053
Noord-West,1,61,4.8765803,52.4262292
Noord-West,1,62,4.8780111,52.4258174
Noord-West,1,63,4.87964,52.425695
Noord-West,1,64,4.8818327,52.4260224
Noord-West,1,65,4.8824635,52.4258886
Noord-West,1,66,4.8829837,52.4255097
Noord-West,1,67,4.8889277,52.4256363
Noord-West,1,68,4.891359,52.4255395
Noord-West,1,69,4.8959059,52.4250345
Noord-West,1,70,4.8996174,52.4242966
Noord-West,1,71,4.9036597,52.4229973
Noord-West,1,72,4.9075375,52.4212479
Noord-West,1,73,4.9080887,52.4211252
Noord-West,1,74,4.9079694,52.420874
Noord-West,1,75,4.9086826,52.4207159
Noord-West,1,76,4.9135997,52.4186542
Noord-West,1,77,4.914051,52.4184959
Noord-West,1,78,4.9146523,52.418501
Noord-West,1,79,4.9147093,52.4186756
Noord-West,1,80,4.9156967,52.4185645
Noord-West,1,81,4.9205214,52.4165659
Osdorp,1,0,4.8117121,52.35158
Osdorp,1,1,4.7994352,52.3490742
Osdorp,1,2,4.7977511,52.3483523
Osdorp,1,3,4.7967142,52.3476335
Osdorp,1,4,4.7955761,52.3462536
Osdorp,1,5,4.7918129,52.3531894
Osdorp,1,6,4.7888269,52.3526783
Osdorp,1,7,4.7870129,52.3527671
Osdorp,1,8,4.7769817,52.3567596
Osdorp,1,9,4.777285,52.3572266
Osdorp,1,10,4.7764918,52.3573717
Osdorp,1,11,4.7758999,52.3572824
Osdorp,1,12,4.7731672,52.3551248
Osdorp,1,13,4.770281,52.3540807
Osdorp,1,14,4.7673993,52.3512714
Osdorp,1,15,4.7573366,52.3552063
Osdorp,1,16,4.7561122,52.3558325
Osdorp,1,17,4.7551102,52.3568356
Osdorp,1,18,4.7548438,52.3579109
Osdorp,1,19,4.754909,52.3583876
Osdorp,1,20,4.7579908,52.3692422
Osdorp,1,21,4.7585175,52.3712448
Osdorp,1,22,4.7586037,52.3722204
Osdorp,1,23,4.7583874,52.3740186
Osdorp,1,24,4.7580538,52.3750683
Osdorp,1,25,4.7575371,52.3761918
Osdorp,1,26,4.7564413,52.3777669
Osdorp,1,27,4.7572636,52.3779815
Osdorp,1,28,4.7591317,52.3793324
Osdorp,1,29,4.7590854,52.3809437
Osdorp,1,30,4.7592084,52.3808661
Osdorp,1,31,4.7601746,52.3813953
Osdorp,1,32,4.7621556,52.3802741
Osdorp,1,33,4.764594,52.3792057
Osdorp,1,34,4.7809324,52.3696402
Osdorp,1,35,4.7892267,52.3760007
Osdorp,1,36,4.791566,52.374693
Osdorp,1,37,4.7921367,52.3748459
Osdorp,1,38,4.7930024,52.3737934
Osdorp,1,39,4.8052745,52.3726678
Osdorp,1,40,4.8051328,52.3716003
Osdorp,1,41,4.8055833,52.3705051
Osdorp,1,42,4.8076171,52.3667861
Osdorp,1,43,4.8088122,52.3656586
Osdorp,1,44,4.8088138,52.364634
Osdorp,1,45,4.8092407,52.3637544
Osdorp,1,46,4.8102685,52.3632974
Osdorp,1,47,4.8104727,52.3630547
Osdorp,1,48,4.8130554,52.3580298
Osdorp,1,49,4.816528,52.3586531
Osdorp,1,50,4.8172069,52.3589449
Osdorp,1,51,4.8185586,52.3582764
Osdorp,1,52,4.8186235,52.356303
Osdorp,1,53,4.8180658,52.3561746
Osdorp,1,54,4.8204371,52.351746
Osdorp,1,55,4.8117121,52.35158
Oud-Noord,1,0,4.9524283,52.3825712
Oud-Noord,1,1,4.9398315,52.3825137
Oud-Noord,1,2,4.9310876,52.3821416
Oud-Noord,1,3,4.9110043,52.3799264
Oud-Noord,1,4,4.9076225,52.3798849
Oud-Noord,1,5,4.9054749,52.3802043
Oud-Noord,1,6,4.9032641,52.380775
Oud-Noord,1,7,4.9011846,52.3815628
Oud-Noord,1,8,4.8994796,52.3824859
Oud-Noord,1,9,4.8979156,52.3836758
Oud-Noord,1,10,4.8967639,52.3848871
Oud-Noord,1,11,4.8958781,52.3863619
Oud-Noord,1,12,4.8936602,52.3928247
Oud-Noord,1,13,4.8932157,52.3935642
Oud-Noord,1,14,4.8920077,52.3947869
Oud-Noord,1,15,4.8709925,52.4101317
Oud-Noord,1,16,4.8671037,52.412386
Oud-Noord,1,17,4.863632,52.4139048
Oud-Noord,1,18,4.8677684,52.4182703
Oud-Noord,1,19,4.8701523,52.4174098
Oud-Noord,1,20,4.8729999,52.416119
Oud-Noord,1,21,4.8750148,52.4161295
Oud-Noord,1,22,4.87561,52.415502
Oud-Noord,1,23,4.8779465,52.4144004
Oud-Noord,1,24,4.8781972,52.4144563
Oud-Noord,1,25,4.8795507,52.4138346
Oud-Noord,1,26,4.8794445,52.4136024
Oud-Noord,1,27,4.8805114,52.4129787
Oud-Noord,1,28,4.8900657,52.4084318
Oud-Noord,1,29,4.8927726,52.4068532
Oud-Noord,1,30,4.8930205,52.406368
Oud-Noord,1,31,4.8931721,52.4051607
Oud-Noord,1,32,4.8935129,52.4046255
Oud-Noord,1,33,4.9001955,52.4014752
Oud-Noord,1,34,4.902411,52.4040528
Oud-Noord,1,35,4.9040787,52.4028545
Oud-Noord,1,36,4.908922,52.400948
Oud-Noord,1,37,4.9106722,52.4007851
Oud-Noord,1,38,4.9139988,52.4007697
Oud-Noord,1,39,4.9148365,52.4009007
Oud-Noord,1,40,4.9147288,52.401497
Oud-Noord,1,41,4.917595,52.4009952
Oud-Noord,1,42,4.9198698,52.4004038
Oud-Noord,1,43,4.9215074,52.3997756
Oud-Noord,1,44,4.9221079,52.3992577
Oud-Noord,1,45,4.9223111,52.3993546
Oud-Noord,1,46,4.9238379,52.3968018
Oud-Noord,1,47,4.9248375,52.3956176
Oud-Noord,1,48,4.9245474,52.3952641
Oud-Noord,1,49,4.9338967,52.3929949
Oud-Noord,1,50,4.9358918,52.393273
Oud-Noord,1,51,4.9401983,52.3946878
Oud-Noord,1,52,4.9516056,52.3912924
Oud-Noord,1,53,4.9524295,52.3898305
Oud-Noord,1,54,4.9524283,52.3825712
Oud-Oost,1,0,4.9298783,52.3560666
Oud-Oost,1,1,4.9122329,52.3481152
Oud-Oost,1,2,4.9102489,52.3513661
Oud-Oost,1,3,4.9065524,52.3553848
Oud-Oost,1,4,4.9046336,52.3592121
Oud-Oost,1,5,4.9065047,52.3596646
Oud-Oost,1,6,4.9076451,52.3603702
Oud-Oost,1,7,4.9083267,52.3605913
Oud-Oost,1,8,4.9102568,52.3606242
Oud-Oost,1,9,4.9116275,52.3612211
Oud-Oost,1,10,4.9140364,52.3614959
Oud-Oost,1,11,4.9162414,52.3620682
Oud-Oost,1,12,4.9184267,52.3622673
Oud-Oost,1,13,4.9200469,52.3632885
Oud-Oost,1,14,4.9220666,52.3636164
Oud-Oost,1,15,4.926988,52.3664253
Oud-Oost,1,16,4.932096,52.3665717
Oud-Oost,1,17,4.9313255,52.364961
Oud-Oost,1,18,4.9313339,52.3635606
Oud-Oost,1,19,4.9312158,52.3634874
Oud-Oost,1,20,4.9320289,52.3613461
Oud-Oost,1,21,4.9333425,52.3599446
Oud-Oost,1,22,4.9348599,52.3588386
Oud-Oost,1,23,4.9374311,52.3577402
Oud-Oost,1,24,4.9298783,52.3560666
"Oud-West, De Baarsjes",1,0,4.8654848,52.3590142
"Oud-West, De Baarsjes",1,1,4.8550846,52.3564101
"Oud-West, De Baarsjes",1,2,4.8541233,52.3565226
"Oud-West, De Baarsjes",1,3,4.8543297,52.3571832
"Oud-West, De Baarsjes",1,4,4.8547807,52.3577559
"Oud-West, De Baarsjes",1,5,4.8536229,52.3580932
"Oud-West, De Baarsjes",1,6,4.8524567,52.3579073
"Oud-West, De Baarsjes",1,7,4.848891,52.3579137
"Oud-West, De Baarsjes",1,8,4.8488902,52.3607591
"Oud-West, De Baarsjes",1,9,4.8495149,52.3609498
"Oud-West, De Baarsjes",1,10,4.8494606,52.3633672
"Oud-West, De Baarsjes",1,11,4.8492154,52.363367
"Oud-West, De Baarsjes",1,12,4.8491875,52.3642252
"Oud-West, De Baarsjes",1,13,4.8504983,52.3642401
"Oud-West, De Baarsjes",1,14,4.8503863,52.3653757
"Oud-West, De Baarsjes",1,15,4.8483589,52.3697156
"Oud-West, De Baarsjes",1,16,4.8477449,52.3696113
"Oud-West, De Baarsjes",1,17,4.8476289,52.3698651
"Oud-West, De Baarsjes",1,18,4.8457213,52.3696397
"Oud-West, De Baarsjes",1,19,4.8425695,52.3695876
"Oud-West, De Baarsjes",1,20,4.8427985,52.3718625
"Oud-West, De Baarsjes",1,21,4.8430285,52.3719112
"Oud-West, De Baarsjes",1,22,4.8430381,52.3722151
"Oud-West, De Baarsjes",1,23,4.8459198,52.3722687
"Oud-West, De Baarsjes",1,24,4.8528978,52.3734857
"Oud-West, De Baarsjes",1,25,4.8551025,52.3742955
"Oud-West, De Baarsjes",1,26,4.8644392,52.3754128
"Oud-West, De Baarsjes",1,27,4.8648578,52.3745357
"Oud-West, De Baarsjes",1,28,4.8672365,52.372541
"Oud-West, De Baarsjes",1,29,4.8663579,52.3715871
"Oud-West, De Baarsjes",1,30,4.8754864,52.37341
"Oud-West, De Baarsjes",1,31,4.8752955,52.3730353
"Oud-West, De Baarsjes",1,32,4.8746458,52.3725625
"Oud-West, De Baarsjes",1,33,4.8744401,52.3722011
"Oud-West, De Baarsjes",1,34,4.875045,52.370683
"Oud-West, De Baarsjes",1,35,4.8758065,52.3694613
"Oud-West, De Baarsjes",1,36,4.8770876,52.368108
"Oud-West, De Baarsjes",1,37,4.8775185,52.3667715
"Oud-West, De Baarsjes",1,38,4.8787011,52.365947
"Oud-West, De Baarsjes",1,39,4.8790702,52.3655019
"Oud-West, De Baarsjes",1,40,4.8794202,52.3641786
"Oud-West, De Baarsjes",1,41,4.8811207,52.3633617
"Oud-West, De Baarsjes",1,42,4.8814126,52.3631275
"Oud-West, De Baarsjes",1,43,4.8817153,52.3623226
"Oud-West, De Baarsjes",1,44,4.8820987,52.3620564
"Oud-West, De Baarsjes",1,45,4.8774535,52.360781
"Oud-West, De Baarsjes",1,46,4.8771975,52.3610953
"Oud-West, De Baarsjes",1,47,4.8767482,52.3609685
"Oud-West, De Baarsjes",1,48,4.8770359,52.3607144
"Oud-West, De Baarsjes",1,49,4.8766337,52.3605806
"Oud-West, De Baarsjes",1,50,4.8764962,52.3607992
"Oud-West, De Baarsjes",1,51,4.8756019,52.3608188
"Oud-West, De Baarsjes",1,52,4.8753158,52.3606738
"Oud-West, De Baarsjes",1,53,4.8740186,52.3610188
"Oud-West, De Baarsjes",1,54,4.8737276,52.3607847
"Oud-West, De Baarsjes",1,55,4.8719165,52.3603606
"Oud-West, De Baarsjes",1,56,4.8715408,52.3603563
"Oud-West, De Baarsjes",1,57,4.8713902,52.3605697
"Oud-West, De Baarsjes",1,58,4.8712759,52.3605413
"Oud-West, De Baarsjes",1,59,4.8714762,52.3602474
"Oud-West, De Baarsjes",1,60,4.8713033,52.3602026
"Oud-West, De Baarsjes",1,61,4.870061,52.3599832
"Oud-West, De Baarsjes",1,62,4.8699582,52.3601239
"Oud-West, De Baarsjes",1,63,4.8659094,52.3591193
"Oud-West, De Baarsjes",1,64,4.8657998,52.3588223
"Oud-West, De Baarsjes",1,65,4.8655395,52.3588534
"Oud-West, De Baarsjes",1,66,4.8654848,52.3590142
Oud-Zuid,1,0,4.8669119,52.3438186
Oud-Zuid,1,1,4.8626567,52.3425335
Oud-Zuid,1,2,4.8594707,52.3425455
Oud-Zuid,1,3,4.8572996,52.3422537
Oud-Zuid,1,4,4.8574622,52.3415362
Oud-Zuid,1,5,4.8570945,52.3389021
Oud-Zuid,1,6,4.8533049,52.3387296
Oud-Zuid,1,7,4.8532582,52.3385811
Oud-Zuid,1,8,4.8531673,52.3388351
Oud-Zuid,1,9,4.8485115,52.3384725
Oud-Zuid,1,10,4.8481328,52.3382344
Oud-Zuid,1,11,4.8459999,52.3380692
Oud-Zuid,1,12,4.844642,52.3381304
Oud-Zuid,1,13,4.8437397,52.338351
Oud-Zuid,1,14,4.8429974,52.3387043
Oud-Zuid,1,15,4.8423744,52.3392516
Oud-Zuid,1,16,4.8420073,52.3399842
Oud-Zuid,1,17,4.841494,52.3434367
Oud-Zuid,1,18,4.8416369,52.3454362
Oud-Zuid,1,19,4.8419464,52.3455625
Oud-Zuid,1,20,4.8419441,52.3459823
Oud-Zuid,1,21,4.8446901,52.3459643
Oud-Zuid,1,22,4.8453714,52.346175
Oud-Zuid,1,23,4.8460832,52.3466608
Oud-Zuid,1,24,4.8456474,52.3467775
Oud-Zuid,1,25,4.8455473,52.3521005
Oud-Zuid,1,26,4.8447929,52.3520944
Oud-Zuid,1,27,4.84474,52.3554806
Oud-Zuid,1,28,4.8489332,52.3555069
Oud-Zuid,1,29,4.848891,52.3579137
Oud-Zuid,1,30,4.8524567,52.3579073
Oud-Zuid,1,31,4.8536229,52.3580932
Oud-Zuid,1,32,4.8547807,52.3577559
Oud-Zuid,1,33,4.8543297,52.3571832
Oud-Zuid,1,34,4.8541233,52.3565226
Oud-Zuid,1,35,4.8550846,52.3564101
Oud-Zuid,1,36,4.8654512,52.3590086
Oud-Zuid,1,37,4.8657998,52.3588223
Oud-Zuid,1,38,4.8659094,52.3591193
Oud-Zuid,1,39,4.8699582,52.3601239
Oud-Zuid,1,40,4.870061,52.3599832
Oud-Zuid,1,41,4.8713033,52.3602026
Oud-Zuid,1,42,4.8714762,52.3602474
Oud-Zuid,1,43,4.8712759,52.3605413
Oud-Zuid,1,44,4.8713902,52.3605697
Oud-Zuid,1,45,4.8715408,52.3603563
Oud-Zuid,1,46,4.8719165,52.3603606
Oud-Zuid,1,47,4.8737276,52.3607847
Oud-Zuid,1,48,4.8740186,52.3610188
Oud-Zuid,1,49,4.8753158,52.3606738
Oud-Zuid,1,50,4.8756019,52.3608188
Oud-Zuid,1,51,4.8764962,52.3607992
Oud-Zuid,1,52,4.8766337,52.3605806
Oud-Zuid,1,53,4.8770359,52.3607144
Oud-Zuid,1,54,4.8767482,52.3609685
Oud-Zuid,1,55,4.8771975,52.3610953
Oud-Zuid,1,56,4.8774535,52.360781
Oud-Zuid,1,57,4.8820987,52.3620564
Oud-Zuid,1,58,4.8842361,52.3617932
Oud-Zuid,1,59,4.8873896,52.3602327
Oud-Zuid,1,60,4.8867947,52.3596011
Oud-Zuid,1,61,4.8865819,52.3568536
Oud-Zuid,1,62,4.8867723,52.3533798
Oud-Zuid,1,63,4.8864988,52.3527665
Oud-Zuid,1,64,4.8865269,52.3506563
Oud-Zuid,1,65,4.8857259,52.3443769
Oud-Zuid,1,66,4.8829458,52.3444352
Oud-Zuid,1,67,4.8823608,52.3447796
Oud-Zuid,1,68,4.8825815,52.3449846
Oud-Zuid,1,69,4.8824393,52.3450928
Oud-Zuid,1,70,4.8818943,52.3450266
Oud-Zuid,1,71,4.8815684,52.3452868
Oud-Zuid,1,72,4.8816688,52.3454975
Oud-Zuid,1,73,4.8811006,52.3456425
Oud-Zuid,1,74,4.8810526,52.3457393
Oud-Zuid,1,75,4.8813984,52.3459125
Oud-Zuid,1,76,4.8812579,52.3460197
Oud-Zuid,1,77,4.8785876,52.3446845
Oud-Zuid,1,78,4.8711769,52.3444116
Oud-Zuid,1,79,4.8669119,52.3438186
Sloterdijk Nieuw-West,1,0,4.7574893,52.3968856
Sloterdijk Nieuw-West,1,1,4.7578652,52.39659
Sloterdijk Nieuw-West,1,2,4.7580133,52.3895526
Sloterdijk Nieuw-West,1,3,4.7589597,52.3841201
Sloterdijk Nieuw-West,1,4,4.8448131,52.3851078
Sloterdijk Nieuw-West,1,5,4.8446873,52.3889199
Sloterdijk Nieuw-West,1,6,4.8443717,52.3888995
Sloterdijk Nieuw-West,1,7,4.8441344,52.393288
Sloterdijk Nieuw-West,1,8,4.8443184,52.3953038
Sloterdijk Nieuw-West,1,9,4.8422462,52.3948817
Sloterdijk Nieuw-West,1,10,4.8406663,52.3942112
Sloterdijk Nieuw-West,1,11,4.8417647,52.3950845
Sloterdijk Nieuw-West,1,12,4.8395301,52.3958031
Sloterdijk Nieuw-West,1,13,4.8394912,52.3959818
Sloterdijk Nieuw-West,1,14,4.8388556,52.3961739
Sloterdijk Nieuw-West,1,15,4.8378936,52.3954334
Sloterdijk Nieuw-West,1,16,4.8357971,52.3954344
Sloterdijk Nieuw-West,1,17,4.8355814,52.3923237
Sloterdijk Nieuw-West,1,18,4.8354488,52.3921244
Sloterdijk Nieuw-West,1,19,4.8330143,52.391909
Sloterdijk Nieuw-West,1,20,4.8174718,52.3918976
Sloterdijk Nieuw-West,1,21,4.8153705,52.3920439
Sloterdijk Nieuw-West,1,22,4.81305,52.3927939
Sloterdijk Nieuw-West,1,23,4.8108391,52.3939148
Sloterdijk Nieuw-West,1,24,4.8089785,52.3953293
Sloterdijk Nieuw-West,1,25,4.8087754,52.3952411
Sloterdijk Nieuw-West,1,26,4.8085524,52.3954351
Sloterdijk Nieuw-West,1,27,4.8059898,52.3944456
Sloterdijk Nieuw-West,1,28,4.8055276,52.3945152
Sloterdijk Nieuw-West,1,29,4.8046241,52.3953044
Sloterdijk Nieuw-West,1,30,4.803579,52.3965783
Sloterdijk Nieuw-West,1,31,4.8020866,52.3992375
Sloterdijk Nieuw-West,1,32,4.801146,52.3999168
Sloterdijk Nieuw-West,1,33,4.799772,52.400257
Sloterdijk Nieuw-West,1,34,4.7982534,52.4001991
Sloterdijk Nieuw-West,1,35,4.7955437,52.3993444
Sloterdijk Nieuw-West,1,36,4.792715,52.3991424
Sloterdijk Nieuw-West,1,37,4.7750114,52.3991261
Sloterdijk Nieuw-West,1,38,4.7729918,52.3948251
Sloterdijk Nieuw-West,1,39,4.7706337,52.3973734
Sloterdijk Nieuw-West,1,40,4.7708566,52.3980451
Sloterdijk Nieuw-West,1,41,4.7712529,52.3983905
Sloterdijk Nieuw-West,1,42,4.767413,52.3992692
Sloterdijk Nieuw-West,1,43,4.7598209,52.4002162
Sloterdijk Nieuw-West,1,44,4.7593721,52.3989097
Sloterdijk Nieuw-West,1,45,4.758294,52.399205
Sloterdijk Nieuw-West,1,46,4.7574893,52.3968856
Slotervaart,1,0,4.8488902,52.3607591
Slotervaart,1,1,4.8489332,52.3555069
Slotervaart,1,2,4.84474,52.3554806
Slotervaart,1,3,4.8447929,52.3520944
Slotervaart,1,4,4.8455473,52.3521005
Slotervaart,1,5,4.8456474,52.3467775
Slotervaart,1,6,4.8460832,52.3466608
Slotervaart,1,7,4.8453714,52.346175
Slotervaart,1,8,4.8446901,52.3459643
Slotervaart,1,9,4.8419441,52.3459823
Slotervaart,1,10,4.8419464,52.3455625
Slotervaart,1,11,4.8416369,52.3454362
Slotervaart,1,12,4.8415049,52.3432749
Slotervaart,1,13,4.8419326,52.3403497
Slotervaart,1,14,4.8422415,52.3394406
Slotervaart,1,15,4.8427695,52.3388651
Slotervaart,1,16,4.8437397,52.338351
Slotervaart,1,17,4.8449842,52.3380916
Slotervaart,1,18,4.8469717,52.3381473
Slotervaart,1,19,4.8470316,52.3376929
Slotervaart,1,20,4.8416496,52.3375783
Slotervaart,1,21,4.8402011,52.337711
Slotervaart,1,22,4.8385362,52.3382838
Slotervaart,1,23,4.8369343,52.3391914
Slotervaart,1,24,4.8356741,52.3403594
Slotervaart,1,25,4.8351961,52.3410393
Slotervaart,1,26,4.8349252,52.3418182
Slotervaart,1,27,4.8344545,52.3443811
Slotervaart,1,28,4.8344141,52.3456356
Slotervaart,1,29,4.8275744,52.3455936
Slotervaart,1,30,4.8275947,52.3451568
Slotervaart,1,31,4.8256881,52.3450536
Slotervaart,1,32,4.8239367,52.3446417
Slotervaart,1,33,4.8229436,52.3448401
Slotervaart,1,34,4.8228292,52.3453042
Slotervaart,1,35,4.822124,52.3459444
Slotervaart,1,36,4.8220796,52.3466551
Slotervaart,1,37,4.8222263,52.346779
Slotervaart,1,38,4.8212956,52.348644
Slotervaart,1,39,4.8211785,52.3517388
Slotervaart,1,40,4.8204371,52.351746
Slotervaart,1,41,4.8180658,52.3561746
Slotervaart,1,42,4.8186235,52.356303
Slotervaart,1,43,4.8185586,52.3582764
Slotervaart,1,44,4.8172069,52.3589449
Slotervaart,1,45,4.816528,52.3586531
Slotervaart,1,46,4.8130554,52.3580298
Slotervaart,1,47,4.8121834,52.359726
Slotervaart,1,48,4.8271611,52.3721277
Slotervaart,1,49,4.829329,52.3705598
Slotervaart,1,50,4.8293191,52.3703053
Slotervaart,1,51,4.8299054,52.3699153
Slotervaart,1,52,4.8307935,52.3696985
Slotervaart,1,53,4.8319685,52.3701407
Slotervaart,1,54,4.8323186,52.3707948
Slotervaart,1,55,4.8344177,52.3703777
Slotervaart,1,56,4.8353378,52.3731529
Slotervaart,1,57,4.8406033,52.3723297
Slotervaart,1,58,4.8430381,52.3722151
Slotervaart,1,59,4.8430285,52.3719112
Slotervaart,1,60,4.8427985,52.3718625
Slotervaart,1,61,4.8425695,52.3695876
Slotervaart,1,62,4.8457213,52.3696397
Slotervaart,1,63,4.8476289,52.3698651
Slotervaart,1,64,4.8477449,52.3696113
Slotervaart,1,65,4.8483589,52.3697156
Slotervaart,1,66,4.8504666,52.3651576
Slotervaart,1,67,4.8504983,52.3642401
Slotervaart,1,68,4.8491875,52.3642252
Slotervaart,1,69,4.8492154,52.363367
Slotervaart,1,70,4.8494606,52.3633672
Slotervaart,1,71,4.8495149,52.3609498
Slotervaart,1,72,4.8488902,52.3607591
Watergraafsmeer,1,0,4.9417242,52.3364081
Watergraafsmeer,1,1,4.9417095,52.3355345
Watergraafsmeer,1,2,4.9395315,52.3355946
Watergraafsmeer,1,3,4.9365149,52.3345936
Watergraafsmeer,1,4,4.9356282,52.335515
Watergraafsmeer,1,5,4.9342243,52.3354971
Watergraafsmeer,1,6,4.9284971,52.3365563
Watergraafsmeer,1,7,4.9267734,52.3359664
Watergraafsmeer,1,8,4.9269455,52.3357783
Watergraafsmeer,1,9,4.9257774,52.3353738
Watergraafsmeer,1,10,4.9237697,52.3354442
Watergraafsmeer,1,11,4.9235164,52.3342586
Watergraafsmeer,1,12,4.9224416,52.3332181
Watergraafsmeer,1,13,4.9225546,52.3330855
Watergraafsmeer,1,14,4.9169051,52.3313655
Watergraafsmeer,1,15,4.9129357,52.330512
Watergraafsmeer,1,16,4.9138852,52.3245535
Watergraafsmeer,1,17,4.9112916,52.3241638
Watergraafsmeer,1,18,4.9103386,52.3235677
Watergraafsmeer,1,19,4.9113549,52.3229013
Watergraafsmeer,1,20,4.9107348,52.3219155
Watergraafsmeer,1,21,4.9142856,52.3204099
Watergraafsmeer,1,22,4.9123799,52.3182498
Watergraafsmeer,1,23,4.9091386,52.3182547
Watergraafsmeer,1,24,4.9090546,52.3188278
Watergraafsmeer,1,25,4.9078447,52.319507
Watergraafsmeer,1,26,4.9047067,52.3203956
Watergraafsmeer,1,27,4.9025362,52.321326
Watergraafsmeer,1,28,4.9016055,52.3215297
Watergraafsmeer,1,29,4.8982849,52.3216456
Watergraafsmeer,1,30,4.89715,52.3218979
Watergraafsmeer,1,31,4.8959119,52.3226999
Watergraafsmeer,1,32,4.8952642,52.3238341
Watergraafsmeer,1,33,4.8953101,52.3243403
Watergraafsmeer,1,34,4.8970025,52.3275596
Watergraafsmeer,1,35,4.8990266,52.3299955
Watergraafsmeer,1,36,4.8990114,52.3307071
Watergraafsmeer,1,37,4.8984771,52.3320774
Watergraafsmeer,1,38,4.898527,52.332474
Watergraafsmeer,1,39,4.8988394,52.3328807
Watergraafsmeer,1,40,4.9002012,52.3333769
Watergraafsmeer,1,41,4.9035517,52.3334311
Watergraafsmeer,1,42,4.9045479,52.3336976
Watergraafsmeer,1,43,4.9055486,52.3344891
Watergraafsmeer,1,44,4.9066292,52.3356492
Watergraafsmeer,1,45,4.9071905,52.3376162
Watergraafsmeer,1,46,4.9074102,52.3379154
Watergraafsmeer,1,47,4.9100715,52.3390442
Watergraafsmeer,1,48,4.9126245,52.339734
Watergraafsmeer,1,49,4.9140463,52.3405773
Watergraafsmeer,1,50,4.9148674,52.3416006
Watergraafsmeer,1,51,4.9149892,52.3421467
Watergraafsmeer,1,52,4.9148637,52.3426387
Watergraafsmeer,1,53,4.913857,52.3438759
Watergraafsmeer,1,54,4.9134434,52.3447002
Watergraafsmeer,1,55,4.9127079,52.3473369
Watergraafsmeer,1,56,4.9122329,52.3481152
Watergraafsmeer,1,57,4.9298783,52.3560666
Watergraafsmeer,1,58,4.9404649,52.3583817
Watergraafsmeer,1,59,4.9585394,52.3577941
Watergraafsmeer,1,60,4.9590868,52.3579426
Watergraafsmeer,1,61,4.9613098,52.3591315
Watergraafsmeer,1,62,4.9623018,52.3583881
Watergraafsmeer,1,63,4.9645448,52.3574695
Watergraafsmeer,1,64,4.9697163,52.3563636
Watergraafsmeer,1,65,4.9693182,52.3556107
Watergraafsmeer,1,66,4.9695263,52.3554992
Watergraafsmeer,1,67,4.9687405,52.3550893
Watergraafsmeer,1,68,4.9662435,52.3541646
Watergraafsmeer,1,69,4.9658262,52.3546979
Watergraafsmeer,1,70,4.9649603,52.3532765
Watergraafsmeer,1,71,4.96137,52.3488535
Watergraafsmeer,1,72,4.9599335,52.3474489
Watergraafsmeer,1,73,4.9597006,52.3469305
Watergraafsmeer,1,74,4.9530564,52.3403714
Watergraafsmeer,1,75,4.9518924,52.3396706
Watergraafsmeer,1,76,4.949705,52.3387287
Watergraafsmeer,1,77,4.9498641,52.3385298
Watergraafsmeer,1,78,4.9495514,52.3383795
Watergraafsmeer,1,79,4.9438017,52.3367134
Watergraafsmeer,1,80,4.9417242,52.3364081
"Weesp, Driemond",1,0,5.0583418,52.3163177
"Weesp, Driemond",1,1,5.0597227,52.3167871
"Weesp, Driemond",1,2,5.060842,52.3169761
"Weesp, Driemond",1,3,5.0624053,52.317579
"Weesp, Driemond",1,4,5.0632997,52.3182115
"Weesp, Driemond",1,5,5.065261,52.3191821
"Weesp, Driemond",1,6,5.0657224,52.3204821
"Weesp, Driemond",1,7,5.0652842,52.3214443
"Weesp, Driemond",1,8,5.064689,52.3220063
"Weesp, Driemond",1,9,5.0657888,52.322242
"Weesp, Driemond",1,10,5.0687818,52.3217225
"Weesp, Driemond",1,11,5.0690853,52.3215337
"Weesp, Driemond",1,12,5.0695104,52.3217937
"Weesp, Driemond",1,13,5.0727605,52.3199356
"Weesp, Driemond",1,14,5.0731138,52.3201802
"Weesp, Driemond",1,15,5.0775159,52.3181776
"Weesp, Driemond",1,16,5.0829665,52.3170242
"Weesp, Driemond",1,17,5.0832156,52.3172675
"Weesp, Driemond",1,18,5.0849073,52.3167361
"Weesp, Driemond",1,19,5.0848087,52.3163288
"Weesp, Driemond",1,20,5.090533,52.3149906
"Weesp, Driemond",1,21,5.0926175,52.3142174
"Weesp, Driemond",1,22,5.0928093,52.3142655
"Weesp, Driemond",1,23,5.0930784,52.3141504
"Weesp, Driemond",1,24,5.0921093,52.3130235
"Weesp, Driemond",1,25,5.0976696,52.311539
"Weesp, Driemond",1,26,5.1005344,52.3104585
"Weesp, Driemond",1,27,5.1005693,52.3102967
"Weesp, Driemond",1,28,5.0997996,52.3100343
"Weesp, Driemond",1,29,5.0995961,52.3095287
"Weesp, Driemond",1,30,5.098708,52.3087706
"Weesp, Driemond",1,31,5.0968183,52.3075967
"Weesp, Driemond",1,32,5.0962773,52.3069141
"Weesp, Driemond",1,33,5.095773,52.3037619
"Weesp, Driemond",1,34,5.0967739,52.3004577
"Weesp, Driemond",1,35,5.0978087,52.2993844
"Weesp, Driemond",1,36,5.0987239,52.2988241
"Weesp, Driemond",1,37,5.1008812,52.298042
"Weesp, Driemond",1,38,5.1019733,52.2978046
"Weesp, Driemond",1,39,5.1052576,52.2984255
"Weesp, Driemond",1,40,5.1062256,52.2983433
"Weesp, Driemond",1,41,5.1072503,52.2978631
"Weesp, Driemond",1,42,5.1076957,52.297226
"Weesp, Driemond",1,43,5.1074199,52.2963256
"Weesp, Driemond",1,44,5.106067,52.2946688
"Weesp, Driemond",1,45,5.1029211,52.294468
"Weesp, Driemond",1,46,5.0993552,52.2928039
"Weesp, Driemond",1,47,5.0994833,52.2927125
"Weesp, Driemond",1,48,5.0987405,52.2921912
"Weesp, Driemond",1,49,5.0984759,52.2916369
"Weesp, Driemond",1,50,5.0984586,52.2911353
"Weesp, Driemond",1,51,5.0987173,52.2905743
"Weesp, Driemond",1,52,5.098843,52.2906276
"Weesp, Driemond",1,53,5.0996957,52.2899978
"Weesp, Driemond",1,54,5.1020558,52.2876587
"Weesp, Driemond",1,55,5.1047014,52.2855619
"Weesp, Driemond",1,56,5.1048075,52.2843201
"Weesp, Driemond",1,57,5.1042655,52.283811
"Weesp, Driemond",1,58,5.1042767,52.2832088
"Weesp, Driemond",1,59,5.1028179,52.2823838
"Weesp, Driemond",1,60,5.1027917,52.2821061
"Weesp, Driemond",1,61,5.102015,52.2816549
"Weesp, Driemond",1,62,5.1021849,52.2812274
"Weesp, Driemond",1,63,5.1020675,52.2798934
"Weesp, Driemond",1,64,5.087705,52.281686
"Weesp, Driemond",1,65,5.0845976,52.2794016
"Weesp, Driemond",1,66,5.0770831,52.2779774
"Weesp, Driemond",1,67,5.0646288,52.278265
"Weesp, Driemond",1,68,5.0638133,52.2785783
"Weesp, Driemond",1,69,5.0645324,52.2790233
"Weesp, Driemond",1,70,5.0643373,52.279261
"Weesp, Driemond",1,71,5.065328,52.2796555
"Weesp, Driemond",1,72,5.0649395,52.2798746
"Weesp, Driemond",1,73,5.0638867,52.279977
"Weesp, Driemond",1,74,5.0639872,52.2802621
"Weesp, Driemond",1,75,5.0644145,52.2807387
"Weesp, Driemond",1,76,5.0659032,52.2805505
"Weesp, Driemond",1,77,5.065882,52.2812721
"Weesp, Driemond",1,78,5.0654922,52.2812729
"Weesp, Driemond",1,79,5.0656593,52.2826934
"Weesp, Driemond",1,80,5.0654726,52.2851995
"Weesp, Driemond",1,81,5.0647934,52.2850817
"Weesp, Driemond",1,82,5.0641955,52.2862935
"Weesp, Driemond",1,83,5.0632847,52.2871961
"Weesp, Driemond",1,84,5.0595421,52.2893212
"Weesp, Driemond",1,85,5.0548153,52.287542
"Weesp, Driemond",1,86,5.0527714,52.2864865
"Weesp, Driemond",1,87,5.0515809,52.287319
"Weesp, Driemond",1,88,5.0504057,52.2878729
"Weesp, Driemond",1,89,5.0474859,52.2850208
"Weesp, Driemond",1,90,5.0427806,52.2824889
"Weesp, Driemond",1,91,5.0407958,52.2838816
"Weesp, Driemond",1,92,5.0394306,52.2832449
"Weesp, Driemond",1,93,5.0351509,52.2855277
"Weesp, Driemond",1,94,5.0334213,52.2863162
"Weesp, Driemond",1,95,5.0332135,52.2862589
"Weesp, Driemond",1,96,5.0305299,52.2884889
"Weesp, Driemond",1,97,5.0265094,52.2839792
"Weesp, Driemond",1,98,5.0243838,52.281359
"Weesp, Driemond",1,99,5.0218688,52.2826546
"Weesp, Driemond",1,100,5.0218646,52.2894268
"Weesp, Driemond",1,101,5.0215452,52.3024579
"Weesp, Driemond",1,102,5.0183068,52.302599
"Weesp, Driemond",1,103,5.0166874,52.3028824
"Weesp, Driemond",1,104,5.0142661,52.3036783
"Weesp, Driemond",1,105,5.0127216,52.3035854
"Weesp, Driemond",1,106,5.0126487,52.3038799
"Weesp, Driemond",1,107,5.0118286,52.3037766
"Weesp, Driemond",1,108,5.0113111,52.3042792
"Weesp, Driemond",1,109,5.0118928,52.3045058
"Weesp, Driemond",1,110,5.0111198,52.3048925
"Weesp, Driemond",1,111,5.0104414,52.3048471
"Weesp, Driemond",1,112,5.0095842,52.3053019
"Weesp, Driemond",1,113,5.0099046,52.3055582
"Weesp, Driemond",1,114,5.009493,52.3060287
"Weesp, Driemond",1,115,5.010203,52.3061496
"Weesp, Driemond",1,116,5.009606,52.3072235
"Weesp, Driemond",1,117,5.0085798,52.3070262
"Weesp, Driemond",1,118,5.0082712,52.3071069
"Weesp, Driemond",1,119,5.008498,52.3073314
"Weesp, Driemond",1,120,5.0102072,52.3077341
"Weesp, Driemond",1,121,5.0098291,52.3084034
"Weesp, Driemond",1,122,5.0087385,52.3092214
"Weesp, Driemond",1,123,5.0071287,52.309894
"Weesp, Driemond",1,124,5.0039248,52.310218
"Weesp, Driemond",1,125,5.0024025,52.3105986
"Weesp, Driemond",1,126,4.9972009,52.3134981
"Weesp, Driemond",1,127,5.0015339,52.315912
"Weesp, Driemond",1,128,5.0065253,52.3190783
"Weesp, Driemond",1,129,5.0161365,52.324513
"Weesp, Driemond",1,130,5.0166551,52.3229877
"Weesp, Driemond",1,131,5.018492,52.3232963
"Weesp, Driemond",1,132,5.0181083,52.327823
"Weesp, Driemond",1,133,5.0172759,52.3301877
"Weesp, Driemond",1,134,5.0215893,52.3308635
"Weesp, Driemond",1,135,5.0248245,52.3306299
"Weesp, Driemond",1,136,5.0289149,52.3307734
"Weesp, Driemond",1,137,5.0356197,52.3297932
"Weesp, Driemond",1,138,5.0410705,52.3287353
"Weesp, Driemond",1,139,5.0435482,52.3277764
"Weesp, Driemond",1,140,5.0439059,52.3279903
"Weesp, Driemond",1,141,5.0448637,52.3274493
"Weesp, Driemond",1,142,5.0443981,52.3271496
"Weesp, Driemond",1,143,5.0452308,52.3268356
"Weesp, Driemond",1,144,5.0463038,52.3267318
"Weesp, Driemond",1,145,5.0481264,52.3270183
"Weesp, Driemond",1,146,5.0492917,52.3269578
"Weesp, Driemond",1,147,5.057484,52.3250297
"Weesp, Driemond",1,148,5.061516,52.3236756
"Weesp, Driemond",1,149,5.0610979,52.3220828
"Weesp, Driemond",1,150,5.0614444,52.3220424
"Weesp, Driemond",1,151,5.06147,52.3217476
"Weesp, Driemond",1,152,5.0603917,52.3211641
"Weesp, Driemond",1,153,5.0581444,52.3204173
"Weesp, Driemond",1,154,5.0567439,52.3196
"Weesp, Driemond",1,155,5.0590946,52.3170531
"Weesp, Driemond",1,156,5.058037,52.3166835
"Weesp, Driemond",1,157,5.0583418,52.3163177
Westerpark,1,0,4.879577,52.3818094
Westerpark,1,1,4.8798614,52.3812201
Westerpark,1,2,4.8781004,52.3783994
Westerpark,1,3,4.8782933,52.3783517
Westerpark,1,4,4.8779092,52.3777866
Westerpark,1,5,4.8780137,52.3777619
Westerpark,1,6,4.8758534,52.3741836
Westerpark,1,7,4.8755404,52.3742137
Westerpark,1,8,4.8754864,52.37341
Westerpark,1,9,4.8663579,52.3715871
Westerpark,1,10,4.8672365,52.372541
Westerpark,1,11,4.8646892,52.3747569
Westerpark,1,12,4.8619226,52.3822179
Westerpark,1,13,4.8608118,52.3841166
Westerpark,1,14,4.8606732,52.385394
Westerpark,1,15,4.8448131,52.3851078
Westerpark,1,16,4.8446873,52.3889199
Westerpark,1,17,4.8443717,52.3888995
Westerpark,1,18,4.8441344,52.393288
Westerpark,1,19,4.8443184,52.3953038
Westerpark,1,20,4.8460041,52.3955084
Westerpark,1,21,4.8549704,52.3955236
Westerpark,1,22,4.8589286,52.3952565
Westerpark,1,23,4.8605887,52.3948908
Westerpark,1,24,4.8618738,52.3944184
Westerpark,1,25,4.8642264,52.3928712
Westerpark,1,26,4.8656114,52.3931631
Westerpark,1,27,4.8660421,52.3936387
Westerpark,1,28,4.8672194,52.393341
Westerpark,1,29,4.8712871,52.3952613
Westerpark,1,30,4.8717793,52.3946209
Westerpark,1,31,4.8728149,52.3947682
Westerpark,1,32,4.8764475,52.3945602
Westerpark,1,33,4.8858619,52.399378
Westerpark,1,34,4.8920077,52.3947869
Westerpark,1,35,4.8932157,52.3935642
Westerpark,1,36,4.8939861,52.3920531
Westerpark,1,37,4.895084,52.3886917
Westerpark,1,38,4.8923669,52.3885241
Westerpark,1,39,4.8922134,52.3881909
Westerpark,1,40,4.8920747,52.3885067
Westerpark,1,41,4.8859771,52.3881297
Westerpark,1,42,4.8844846,52.3883795
Westerpark,1,43,4.8840028,52.387343
Westerpark,1,44,4.8823513,52.3851862
Westerpark,1,45,4.8807609,52.3827087
Westerpark,1,46,4.879577,52.3818094
