wijk,part,order,long,lat
Haarlemmerbuurt,1,0,4.89507756612654,52.3886909274334
Haarlemmerbuurt,1,1,4.8962412141214,52.3856478277528
Haarlemmerbuurt,1,2,4.8987673695786,52.3829687895277
Haarlemmerbuurt,1,3,4.89399806920593,52.3787649461683
Haarlemmerbuurt,1,4,4.88984233169457,52.3797299471622
Haarlemmerbuurt,1,5,4.88166130544545,52.3841787816516
Haarlemmerbuurt,1,6,4.88447894406484,52.3883784549653
Haarlemmerbuurt,1,7,4.89507756612654,52.3886909274334
Jordaan,1,0,4.88312803595975,52.3746775545694
Jordaan,1,1,4.88279276205167,52.3661753264688
Jordaan,1,2,4.87921944796237,52.3649233548143
Jordaan,1,3,4.87443423991394,52.3721993944968
Jordaan,1,4,4.87985564509519,52.3812187357494
Jordaan,1,5,4.87959082362254,52.3818636907381
Jordaan,1,6,4.88166130544545,52.3841787816516
Jordaan,1,7,4.88843072429401,52.3805201672354
Jordaan,1,8,4.88312803595975,52.3746775545694
Grachtengordel-West,1,0,4.88279276205167,52.3661753264688
Grachtengordel-West,1,1,4.88312803595975,52.3746775545694
Grachtengordel-West,1,2,4.88843072429401,52.3805201672354
Grachtengordel-West,1,3,4.89399806920593,52.3787649461683
Grachtengordel-West,1,4,4.88929764204367,52.3744608642764
Grachtengordel-West,1,5,4.88805443524337,52.3684974318759
Grachtengordel-West,1,6,4.88279276205167,52.3661753264688
Burgwallen-Nieuwe Zijde,1,0,4.90640428433582,52.3800399198759
Burgwallen-Nieuwe Zijde,1,1,4.90324865633561,52.3765885003925
Burgwallen-Nieuwe Zijde,1,2,4.89968629870144,52.3773016124305
Burgwallen-Nieuwe Zijde,1,3,4.89355928055579,52.3734873006766
Burgwallen-Nieuwe Zijde,1,4,4.89200883476664,52.3690497229026
Burgwallen-Nieuwe Zijde,1,5,4.89414218065732,52.3672871113775
Burgwallen-Nieuwe Zijde,1,6,4.88963545226993,52.367283554361
Burgwallen-Nieuwe Zijde,1,7,4.88782242121111,52.3688019640603
Burgwallen-Nieuwe Zijde,1,8,4.88929764204367,52.3744608642764
Burgwallen-Nieuwe Zijde,1,9,4.8987673695786,52.3829687895277
Burgwallen-Nieuwe Zijde,1,10,4.90640428433582,52.3800399198759
Burgwallen-Oude Zijde,1,0,4.9022678795887,52.376140360906
Burgwallen-Oude Zijde,1,1,4.90070275247107,52.3730165569033
Burgwallen-Oude Zijde,1,2,4.89546899509384,52.3674962551853
Burgwallen-Oude Zijde,1,3,4.89414218065732,52.3672871113775
Burgwallen-Oude Zijde,1,4,4.89200883476664,52.3690497229026
Burgwallen-Oude Zijde,1,5,4.89329389263519,52.3731990187436
Burgwallen-Oude Zijde,1,6,4.89646790680855,52.3757625396668
Burgwallen-Oude Zijde,1,7,4.89968629870144,52.3773016124305
Burgwallen-Oude Zijde,1,8,4.90324865633561,52.3765885003925
Burgwallen-Oude Zijde,1,9,4.9022678795887,52.376140360906
Nieuwmarkt/Lastage,1,0,4.90640428433582,52.3800399198759
Nieuwmarkt/Lastage,1,1,4.91058837988342,52.3799129588023
Nieuwmarkt/Lastage,1,2,4.91137437441433,52.3749399415333
Nieuwmarkt/Lastage,1,3,4.91306219070253,52.3745218186415
Nieuwmarkt/Lastage,1,4,4.91340784900362,52.3714655249853
Nieuwmarkt/Lastage,1,5,4.9060301475033,52.366724129467
Nieuwmarkt/Lastage,1,6,4.90121198375022,52.3657776006996
Nieuwmarkt/Lastage,1,7,4.89927916132957,52.3671705123546
Nieuwmarkt/Lastage,1,8,4.89526302620854,52.3673664617706
Nieuwmarkt/Lastage,1,9,4.90070275247107,52.3730165569033
Nieuwmarkt/Lastage,1,10,4.9022678795887,52.376140360906
Nieuwmarkt/Lastage,1,11,4.90640428433582,52.3800399198759
Grachtengordel-Zuid,1,0,4.89173820116297,52.3669139986562
Grachtengordel-Zuid,1,1,4.89927916132957,52.3671705123546
Grachtengordel-Zuid,1,2,4.90074661099421,52.3666232041469
Grachtengordel-Zuid,1,3,4.90276456337712,52.3628031599185
Grachtengordel-Zuid,1,4,4.89590245459867,52.3616032236194
Grachtengordel-Zuid,1,5,4.88809338018046,52.3626710519251
Grachtengordel-Zuid,1,6,4.88279276205167,52.3661753264688
Grachtengordel-Zuid,1,7,4.88805443524337,52.3684974318759
Grachtengordel-Zuid,1,8,4.89173820116297,52.3669139986562
De Weteringschans,1,0,4.88809338018046,52.3626710519251
De Weteringschans,1,1,4.89590245459867,52.3616032236194
De Weteringschans,1,2,4.90276456337712,52.3628031599185
De Weteringschans,1,3,4.90462910579487,52.3592106704297
De Weteringschans,1,4,4.89803364697493,52.3579331915772
De Weteringschans,1,5,4.89021043887929,52.3584772497516
De Weteringschans,1,6,4.88439921398441,52.361724991836
De Weteringschans,1,7,4.88195778376279,52.3621177242649
De Weteringschans,1,8,4.87921944796237,52.3649233548143
De Weteringschans,1,9,4.88279276205167,52.3661753264688
De Weteringschans,1,10,4.88809338018046,52.3626710519251
Weesperbuurt/Plantage,1,0,4.92230789521437,52.363757323779
Weesperbuurt/Plantage,1,1,4.90462910579487,52.3592106704297
Weesperbuurt/Plantage,1,2,4.90121198375022,52.3657776006996
Weesperbuurt/Plantage,1,3,4.9060301475033,52.366724129467
Weesperbuurt/Plantage,1,4,4.91067993547269,52.369698479738
Weesperbuurt/Plantage,1,5,4.92123808430258,52.3661005093111
Weesperbuurt/Plantage,1,6,4.92161806228179,52.3655742910717
Weesperbuurt/Plantage,1,7,4.92054724195486,52.3648189995924
Weesperbuurt/Plantage,1,8,4.92230789521437,52.363757323779
Oostelijke Eilanden/Kadijken,1,0,4.91074745618524,52.3776816505902
Oostelijke Eilanden/Kadijken,1,1,4.92351118428015,52.3752093039851
Oostelijke Eilanden/Kadijken,1,2,4.92985050436848,52.373344369301
Oostelijke Eilanden/Kadijken,1,3,4.93225405743853,52.3719610403341
Oostelijke Eilanden/Kadijken,1,4,4.93282042504823,52.3690696462181
Oostelijke Eilanden/Kadijken,1,5,4.931581869816,52.3665674307213
Oostelijke Eilanden/Kadijken,1,6,4.92698390908349,52.3664240803056
Oostelijke Eilanden/Kadijken,1,7,4.92230789521437,52.363757323779
Oostelijke Eilanden/Kadijken,1,8,4.92054724195486,52.3648189995924
Oostelijke Eilanden/Kadijken,1,9,4.92161806228179,52.3655742910717
Oostelijke Eilanden/Kadijken,1,10,4.92123808430258,52.3661005093111
Oostelijke Eilanden/Kadijken,1,11,4.91067993547269,52.369698479738
Oostelijke Eilanden/Kadijken,1,12,4.91358143005182,52.3722355664176
Oostelijke Eilanden/Kadijken,1,13,4.91271782904878,52.3750624600863
Oostelijke Eilanden/Kadijken,1,14,4.91137437441433,52.3749399415333
Oostelijke Eilanden/Kadijken,1,15,4.91074745618524,52.3776816505902
Havens-West,1,0,4.76718363635674,52.4274681396432
Havens-West,1,1,4.76753787989297,52.4284981034233
Havens-West,1,2,4.84528518765436,52.4184683748587
Havens-West,1,3,4.85607801084278,52.4166621673058
Havens-West,1,4,4.86362558087544,52.4139036837023
Havens-West,1,5,4.85970498970719,52.4097493828553
Havens-West,1,6,4.84624678088843,52.3984755676441
Havens-West,1,7,4.84431243113299,52.3953024920857
Havens-West,1,8,4.84065913057758,52.3942090721483
Havens-West,1,9,4.84175851258939,52.395082432806
Havens-West,1,10,4.83884902939663,52.3961725175375
Havens-West,1,11,4.83579048272485,52.3954328219853
Havens-West,1,12,4.83556979855936,52.3922909776392
Havens-West,1,13,4.83429642968439,52.3919656617403
Havens-West,1,14,4.81512886641652,52.3920935166909
Havens-West,1,15,4.80897067659451,52.3953272426059
Havens-West,1,16,4.80540516812094,52.3945695352536
Havens-West,1,17,4.80207958576166,52.3992355498564
Havens-West,1,18,4.79976430803012,52.4002545950249
Havens-West,1,19,4.79270750680086,52.3991404742834
Havens-West,1,20,4.77500395570446,52.3991235014659
Havens-West,1,21,4.77298455017291,52.3948220912159
Havens-West,1,22,4.77062626924939,52.3973712289576
Havens-West,1,23,4.7712451573112,52.3983882755101
Havens-West,1,24,4.76740509012068,52.3992664068948
Havens-West,1,25,4.7598127215473,52.4002138739376
Havens-West,1,26,4.75936434394197,52.3989069533091
Havens-West,1,27,4.75828547282742,52.3992022025152
Havens-West,1,28,4.7574819941979,52.3968827781205
Havens-West,1,29,4.72875892771866,52.4007113478502
Havens-West,1,30,4.73920809583996,52.4310638297127
Havens-West,1,31,4.76718363635674,52.4274681396432
Coenhaven/Minervahaven,1,0,4.87644091508347,52.3945584174739
Coenhaven/Minervahaven,1,1,4.87177292629121,52.3946196155955
Coenhaven/Minervahaven,1,2,4.87128107219718,52.3952599585994
Coenhaven/Minervahaven,1,3,4.86721313162059,52.3933391624518
Coenhaven/Minervahaven,1,4,4.86421946703069,52.3928697666901
Coenhaven/Minervahaven,1,5,4.85892208712003,52.3952548236719
Coenhaven/Minervahaven,1,6,4.84431243113299,52.3953024920857
Coenhaven/Minervahaven,1,7,4.84624678088843,52.3984755676441
Coenhaven/Minervahaven,1,8,4.85970498970719,52.4097493828553
Coenhaven/Minervahaven,1,9,4.86362558087544,52.4139036837023
Coenhaven/Minervahaven,1,10,4.87098529153662,52.4101306252102
Coenhaven/Minervahaven,1,11,4.88585529318771,52.3993768797906
Coenhaven/Minervahaven,1,12,4.87644091508347,52.3945584174739
Sloterdijk-West,1,0,4.84422632043465,52.3949427602161
Sloterdijk-West,1,1,4.85689900976529,52.3954005243061
Sloterdijk-West,1,2,4.85730632989853,52.392384666815
Sloterdijk-West,1,3,4.85879689303847,52.3911806207457
Sloterdijk-West,1,4,4.85916455228413,52.3889312017019
Sloterdijk-West,1,5,4.86495639269409,52.3889651246918
Sloterdijk-West,1,6,4.86491025346549,52.3880559684742
Sloterdijk-West,1,7,4.86318373822481,52.3880266995121
Sloterdijk-West,1,8,4.86420210547347,52.3854515691613
Sloterdijk-West,1,9,4.84480709521064,52.385106245847
Sloterdijk-West,1,10,4.84422632043465,52.3949427602161
Spaarndammerbuurt/Zeeheldenbuurt,1,0,4.86263772818037,52.3940144454237
Spaarndammerbuurt/Zeeheldenbuurt,1,1,4.86421946703069,52.3928697666901
Spaarndammerbuurt/Zeeheldenbuurt,1,2,4.87642357151376,52.3928020960329
Spaarndammerbuurt/Zeeheldenbuurt,1,3,4.8783929109806,52.391598161041
Spaarndammerbuurt/Zeeheldenbuurt,1,4,4.89136502210545,52.3900297603573
Spaarndammerbuurt/Zeeheldenbuurt,1,5,4.89193426686057,52.3890856137278
Spaarndammerbuurt/Zeeheldenbuurt,1,6,4.89100918654123,52.388439832567
Spaarndammerbuurt/Zeeheldenbuurt,1,7,4.88447894406484,52.3883784549653
Spaarndammerbuurt/Zeeheldenbuurt,1,8,4.88258544716241,52.3854603774945
Spaarndammerbuurt/Zeeheldenbuurt,1,9,4.86420210547347,52.3854515691613
Spaarndammerbuurt/Zeeheldenbuurt,1,10,4.86318373822481,52.3880266995121
Spaarndammerbuurt/Zeeheldenbuurt,1,11,4.86491025346549,52.3880559684742
Spaarndammerbuurt/Zeeheldenbuurt,1,12,4.86495639269409,52.3889651246918
Spaarndammerbuurt/Zeeheldenbuurt,1,13,4.85916455228413,52.3889312017019
Spaarndammerbuurt/Zeeheldenbuurt,1,14,4.85879689303847,52.3911806207457
Spaarndammerbuurt/Zeeheldenbuurt,1,15,4.85730632989853,52.392384666815
Spaarndammerbuurt/Zeeheldenbuurt,1,16,4.85689900976529,52.3954005243061
Spaarndammerbuurt/Zeeheldenbuurt,1,17,4.86263772818037,52.3940144454237
Houthavens,1,0,4.88585529318771,52.3993768797906
Houthavens,1,1,4.89365450419078,52.3928231561992
Houthavens,1,2,4.89507756612654,52.3886909274334
Houthavens,1,3,4.89100918654123,52.388439832567
Houthavens,1,4,4.89193426686057,52.3890856137278
Houthavens,1,5,4.89136502210545,52.3900297603573
Houthavens,1,6,4.8783929109806,52.391598161041
Houthavens,1,7,4.87642357151376,52.3928020960329
Houthavens,1,8,4.86554516262053,52.3931461153701
Houthavens,1,9,4.87128107219718,52.3952599585994
Houthavens,1,10,4.87177292629121,52.3946196155955
Houthavens,1,11,4.87644091508347,52.3945584174739
Houthavens,1,12,4.88585529318771,52.3993768797906
De Kolenkit,1,0,4.84457392953958,52.3851013399509
De Kolenkit,1,1,4.84478067033904,52.3804127282695
De Kolenkit,1,2,4.8440619731392,52.3779018131239
De Kolenkit,1,3,4.84607632662583,52.3779482447723
De Kolenkit,1,4,4.84741169112173,52.3754695559634
De Kolenkit,1,5,4.84555160676459,52.3751966425587
De Kolenkit,1,6,4.84677774071347,52.3724103938881
De Kolenkit,1,7,4.83533106486001,52.3731508252849
De Kolenkit,1,8,4.83929960111105,52.3826944012975
De Kolenkit,1,9,4.83925155853437,52.3850155727677
De Kolenkit,1,10,4.84457392953958,52.3851013399509
Landlust,1,0,4.86066741521221,52.385392253204
Landlust,1,1,4.86443349530816,52.3754112133101
Landlust,1,2,4.85556244463296,52.3743559405612
Landlust,1,3,4.85466215575228,52.3765984581872
Landlust,1,4,4.85679720390574,52.3768489211233
Landlust,1,5,4.85636433393735,52.378158433866
Landlust,1,6,4.85361202226873,52.3800721141542
Landlust,1,7,4.85194368884189,52.3791389034284
Landlust,1,8,4.8440619731392,52.3779018131239
Landlust,1,9,4.84478067033904,52.3804127282695
Landlust,1,10,4.84457392953958,52.3851013399509
Landlust,1,11,4.86066741521221,52.385392253204
Erasmuspark,1,0,4.85361202226873,52.3800721141542
Erasmuspark,1,1,4.85636433393735,52.378158433866
Erasmuspark,1,2,4.85679720390574,52.3768489211233
Erasmuspark,1,3,4.85466215575228,52.3765984581872
Erasmuspark,1,4,4.85556244463296,52.3743559405612
Erasmuspark,1,5,4.84677774071347,52.3724103938881
Erasmuspark,1,6,4.84555160676459,52.3751966425587
Erasmuspark,1,7,4.84741169112173,52.3754695559634
Erasmuspark,1,8,4.84607632662583,52.3779482447723
Erasmuspark,1,9,4.85361202226873,52.3800721141542
Centrale Markt,1,0,4.86723083628167,52.37253913669
Centrale Markt,1,1,4.86468387110664,52.3747551362346
Centrale Markt,1,2,4.86066741521221,52.385392253204
Centrale Markt,1,3,4.86940741959111,52.3855428388285
Centrale Markt,1,4,4.87066840400494,52.3825329985091
Centrale Markt,1,5,4.86781474572226,52.3820070763571
Centrale Markt,1,6,4.87016404318474,52.3758741664045
Centrale Markt,1,7,4.86723083628167,52.37253913669
Staatsliedenbuurt,1,0,4.87016404318474,52.3758741664045
Staatsliedenbuurt,1,1,4.86781474572226,52.3820070763571
Staatsliedenbuurt,1,2,4.87066840400494,52.3825329985091
Staatsliedenbuurt,1,3,4.86940741959111,52.3855428388285
Staatsliedenbuurt,1,4,4.88258544716241,52.3854603774945
Staatsliedenbuurt,1,5,4.88032728309343,52.3823045102524
Staatsliedenbuurt,1,6,4.87398828771629,52.3805682951972
Staatsliedenbuurt,1,7,4.87016404318474,52.3758741664045
Frederik Hendrikbuurt,1,0,4.87963253983431,52.3819300909192
Frederik Hendrikbuurt,1,1,4.87548145302176,52.373408405209
Frederik Hendrikbuurt,1,2,4.8663519801738,52.3715856757049
Frederik Hendrikbuurt,1,3,4.87398828771629,52.3805682951972
Frederik Hendrikbuurt,1,4,4.87963253983431,52.3819300909192
Van Galenbuurt,1,0,4.85556244463296,52.3743559405612
Van Galenbuurt,1,1,4.85655052247746,52.3711245290557
Van Galenbuurt,1,2,4.84773952106893,52.369609571443
Van Galenbuurt,1,3,4.84256299559737,52.3695855662611
Van Galenbuurt,1,4,4.84303183417279,52.3722132125924
Van Galenbuurt,1,5,4.85556244463296,52.3743559405612
Geuzenbuurt,1,0,4.86502169796001,52.3701366656142
Geuzenbuurt,1,1,4.85996328686234,52.3714971006248
Geuzenbuurt,1,2,4.85655052247746,52.3711245290557
Geuzenbuurt,1,3,4.85556244463296,52.3743559405612
Geuzenbuurt,1,4,4.86443349530816,52.3754112133101
Geuzenbuurt,1,5,4.86723083628167,52.37253913669
Geuzenbuurt,1,6,4.86502169796001,52.3701366656142
Hoofdweg e.o.,1,0,4.85655052247746,52.3711245290557
Hoofdweg e.o.,1,1,4.85824813797575,52.3642062723947
Hoofdweg e.o.,1,2,4.84920998241988,52.3633646730574
Hoofdweg e.o.,1,3,4.84918195769281,52.364222876014
Hoofdweg e.o.,1,4,4.85049247947428,52.3642382257645
Hoofdweg e.o.,1,5,4.8504605210287,52.3651553795823
Hoofdweg e.o.,1,6,4.84835263965809,52.3697138890094
Hoofdweg e.o.,1,7,4.85655052247746,52.3711245290557
Chass<U+00E9>buurt,1,0,4.85923334598008,52.3636688260111
Chass<U+00E9>buurt,1,1,4.85819804592361,52.3642701491727
Chass<U+00E9>buurt,1,2,4.85655052247746,52.3711245290557
Chass<U+00E9>buurt,1,3,4.85960305017327,52.3715124827552
Chass<U+00E9>buurt,1,4,4.86502169796001,52.3701366656142
Chass<U+00E9>buurt,1,5,4.85923334598008,52.3636688260111
Bellamybuurt,1,0,4.87080365093682,52.3668486083821
Bellamybuurt,1,1,4.86006531355553,52.3645970937163
Bellamybuurt,1,2,4.8663519801738,52.3715856757049
Bellamybuurt,1,3,4.86739979406453,52.3717949219535
Bellamybuurt,1,4,4.87080365093682,52.3668486083821
Da Costabuurt,1,0,4.87463965748686,52.3725603859244
Da Costabuurt,1,1,4.87680357578464,52.3685015308991
Da Costabuurt,1,2,4.87080365093682,52.3668486083821
Da Costabuurt,1,3,4.86739979406453,52.3717949219535
Da Costabuurt,1,4,4.87548145302176,52.373408405209
Da Costabuurt,1,5,4.87463965748686,52.3725603859244
Westindische Buurt,1,0,4.85923334598008,52.3636688260111
Westindische Buurt,1,1,4.85477598359248,52.3577536877555
Westindische Buurt,1,2,4.84888606963023,52.3579119726566
Westindische Buurt,1,3,4.84945518902126,52.3633648524045
Westindische Buurt,1,4,4.85763078227575,52.3642559828925
Westindische Buurt,1,5,4.85923334598008,52.3636688260111
Van Lennepbuurt,1,0,4.87751271994304,52.36677026006
Van Lennepbuurt,1,1,4.85745049483227,52.36154811143
Van Lennepbuurt,1,2,4.86006531355553,52.3645970937163
Van Lennepbuurt,1,3,4.87680357578464,52.3685015308991
Van Lennepbuurt,1,4,4.87751271994304,52.36677026006
Overtoomse Sluis,1,0,4.86544610118045,52.3590067439457
Overtoomse Sluis,1,1,4.85411728329481,52.3565207391515
Overtoomse Sluis,1,2,4.85432426767463,52.3571813548165
Overtoomse Sluis,1,3,4.85745049483227,52.36154811143
Overtoomse Sluis,1,4,4.86377873689463,52.363065125694
Overtoomse Sluis,1,5,4.86553397322268,52.3602930624057
Overtoomse Sluis,1,6,4.86468788135518,52.360098880495
Overtoomse Sluis,1,7,4.86544610118045,52.3590067439457
Helmersbuurt,1,0,4.86553397322268,52.3602930624057
Helmersbuurt,1,1,4.86377873689463,52.363065125694
Helmersbuurt,1,2,4.87751271994304,52.36677026006
Helmersbuurt,1,3,4.87913100252309,52.3653799205046
Helmersbuurt,1,4,4.87886329642698,52.363801990614
Helmersbuurt,1,5,4.86553397322268,52.3602930624057
Vondelparkbuurt,1,0,4.8774482262513,52.3607791901153
Vondelparkbuurt,1,1,4.8740138718046,52.3610172849413
Vondelparkbuurt,1,2,4.86579497548294,52.3588201315499
Vondelparkbuurt,1,3,4.86468788135518,52.360098880495
Vondelparkbuurt,1,4,4.87931144883616,52.364342009615
Vondelparkbuurt,1,5,4.88209405387982,52.362054402969
Vondelparkbuurt,1,6,4.8774482262513,52.3607791901153
Sloterdijk Nieuw-West,1,0,4.7598127215473,52.4002138739376
Sloterdijk Nieuw-West,1,1,4.7712451573112,52.3983882755101
Sloterdijk Nieuw-West,1,2,4.77062626924939,52.3973712289576
Sloterdijk Nieuw-West,1,3,4.77298455017291,52.3948220912159
Sloterdijk Nieuw-West,1,4,4.77500395570446,52.3991235014659
Sloterdijk Nieuw-West,1,5,4.79270750680086,52.3991404742834
Sloterdijk Nieuw-West,1,6,4.80017168743687,52.4001993449133
Sloterdijk Nieuw-West,1,7,4.80207958576166,52.3992355498564
Sloterdijk Nieuw-West,1,8,4.80540516812094,52.3945695352536
Sloterdijk Nieuw-West,1,9,4.80854514747029,52.395433313673
Sloterdijk Nieuw-West,1,10,4.81245240156053,52.3930424697078
Sloterdijk Nieuw-West,1,11,4.81617262468281,52.3919102698639
Sloterdijk Nieuw-West,1,12,4.83491707622913,52.3920375561428
Sloterdijk Nieuw-West,1,13,4.83556979855936,52.3922909776392
Sloterdijk Nieuw-West,1,14,4.83579048272485,52.3954328219853
Sloterdijk Nieuw-West,1,15,4.83884902939663,52.3961725175375
Sloterdijk Nieuw-West,1,16,4.84175851258939,52.395082432806
Sloterdijk Nieuw-West,1,17,4.84065913057758,52.3942090721483
Sloterdijk Nieuw-West,1,18,4.84431243113299,52.3953024920857
Sloterdijk Nieuw-West,1,19,4.84480709521064,52.385106245847
Sloterdijk Nieuw-West,1,20,4.75895263232485,52.3841175609362
Sloterdijk Nieuw-West,1,21,4.7574819941979,52.3968827781205
Sloterdijk Nieuw-West,1,22,4.75828547282742,52.3992022025152
Sloterdijk Nieuw-West,1,23,4.75936434394197,52.3989069533091
Sloterdijk Nieuw-West,1,24,4.7598127215473,52.4002138739376
Geuzenveld,1,0,4.81200319148352,52.3846535584457
Geuzenveld,1,1,4.812164316702,52.380562149913
Geuzenveld,1,2,4.80937807896048,52.3803671061358
Geuzenveld,1,3,4.80757773727646,52.3724374330585
Geuzenveld,1,4,4.79299532264386,52.3737909035576
Geuzenveld,1,5,4.78921975924856,52.3759984451258
Geuzenveld,1,6,4.7809260782881,52.3696376778013
Geuzenveld,1,7,4.76458614693791,52.3792029850912
Geuzenveld,1,8,4.76016778867863,52.3813922917579
Geuzenveld,1,9,4.75907800540028,52.3809406859751
Geuzenveld,1,10,4.75895263232485,52.3841175609362
Geuzenveld,1,11,4.81200319148352,52.3846535584457
Slotermeer-West,1,0,4.81736174864778,52.3719665216473
Slotermeer-West,1,1,4.80757773727646,52.3724374330585
Slotermeer-West,1,2,4.80937807896048,52.3803671061358
Slotermeer-West,1,3,4.812164316702,52.380562149913
Slotermeer-West,1,4,4.81200319148352,52.3846535584457
Slotermeer-West,1,5,4.81872906337446,52.384729339096
Slotermeer-West,1,6,4.8189706724791,52.3821380939868
Slotermeer-West,1,7,4.82140443837481,52.3813754898034
Slotermeer-West,1,8,4.81736174864778,52.3719665216473
Slotermeer-Noordoost,1,0,4.83925155853437,52.3850155727677
Slotermeer-Noordoost,1,1,4.83929960111105,52.3826944012975
Slotermeer-Noordoost,1,2,4.83669489526181,52.3763505542926
Slotermeer-Noordoost,1,3,4.82385752405808,52.3783767779049
Slotermeer-Noordoost,1,4,4.82064167394133,52.379551465862
Slotermeer-Noordoost,1,5,4.82140443837481,52.3813754898034
Slotermeer-Noordoost,1,6,4.81888216880293,52.3822867488864
Slotermeer-Noordoost,1,7,4.81872906337446,52.384729339096
Slotermeer-Noordoost,1,8,4.83925155853437,52.3850155727677
Slotermeer-Zuidoost,1,0,4.83441234911229,52.3703759856256
Slotermeer-Zuidoost,1,1,4.83231282513362,52.3707925882453
Slotermeer-Zuidoost,1,2,4.83078699264924,52.3696958331311
Slotermeer-Zuidoost,1,3,4.82715455392086,52.3721253435281
Slotermeer-Zuidoost,1,4,4.81217797000386,52.3597231839463
Slotermeer-Zuidoost,1,5,4.80512589487114,52.3715977571233
Slotermeer-Zuidoost,1,6,4.80526797756758,52.3726656090094
Slotermeer-Zuidoost,1,7,4.81736174864778,52.3719665216473
Slotermeer-Zuidoost,1,8,4.82064167394133,52.379551465862
Slotermeer-Zuidoost,1,9,4.82401390189826,52.3783353782508
Slotermeer-Zuidoost,1,10,4.83669489526181,52.3763505542926
Slotermeer-Zuidoost,1,11,4.83441234911229,52.3703759856256
Lutkemeer/Ookmeer,1,0,4.76016778867863,52.3813922917579
Lutkemeer/Ookmeer,1,1,4.7809260782881,52.3696376778013
Lutkemeer/Ookmeer,1,2,4.78921975924856,52.3759984451258
Lutkemeer/Ookmeer,1,3,4.79299532264386,52.3737909035576
Lutkemeer/Ookmeer,1,4,4.80526797756758,52.3726656090094
Lutkemeer/Ookmeer,1,5,4.80530114129487,52.371090297378
Lutkemeer/Ookmeer,1,6,4.8075329038613,52.3669149573855
Lutkemeer/Ookmeer,1,7,4.7842463154517,52.3620884225033
Lutkemeer/Ookmeer,1,8,4.77828277552736,52.3574303532779
Lutkemeer/Ookmeer,1,9,4.77589390130591,52.3572792413419
Lutkemeer/Ookmeer,1,10,4.77347573710663,52.3552998250776
Lutkemeer/Ookmeer,1,11,4.77027536380015,52.3540777767756
Lutkemeer/Ookmeer,1,12,4.76739272776032,52.3512685526819
Lutkemeer/Ookmeer,1,13,4.75665293796443,52.3555195495965
Lutkemeer/Ookmeer,1,14,4.75494094414211,52.3572188869491
Lutkemeer/Ookmeer,1,15,4.75857468358868,52.371594350675
Lutkemeer/Ookmeer,1,16,4.75804697710314,52.3750653136928
Lutkemeer/Ookmeer,1,17,4.75643387271346,52.3777635400039
Lutkemeer/Ookmeer,1,18,4.75912470757262,52.3793292440585
Lutkemeer/Ookmeer,1,19,4.75907800540028,52.3809406859751
Lutkemeer/Ookmeer,1,20,4.76016778867863,52.3813922917579
De Aker,1,0,4.78797112798375,52.3526381620565
De Aker,1,1,4.79180626977002,52.3531868444899
De Aker,1,2,4.7955701782821,52.3462509841325
De Aker,1,3,4.79110214690345,52.3415001658686
De Aker,1,4,4.76739272776032,52.3512685526819
De Aker,1,5,4.77027536380015,52.3540777767756
De Aker,1,6,4.77625007418461,52.3573663116881
De Aker,1,7,4.78797112798375,52.3526381620565
De Punt,1,0,4.79180626977002,52.3531868444899
De Punt,1,1,4.78700687870692,52.352763905239
De Punt,1,2,4.77697586420589,52.3567563496919
De Punt,1,3,4.78232151073688,52.3610687424536
De Punt,1,4,4.78665132199312,52.362717426535
De Punt,1,5,4.79180626977002,52.3531868444899
Osdorp-Midden,1,0,4.79888871147598,52.3488809321106
Osdorp-Midden,1,1,4.7955701782821,52.3462509841325
Osdorp-Midden,1,2,4.78665132199312,52.362717426535
Osdorp-Midden,1,3,4.79531864723589,52.3644398006971
Osdorp-Midden,1,4,4.7992513870117,52.3580323011084
Osdorp-Midden,1,5,4.80360122295576,52.3499739562501
Osdorp-Midden,1,6,4.79888871147598,52.3488809321106
Osdorp-Oost,1,0,4.81304932639025,52.3580273829465
Osdorp-Oost,1,1,4.81720134520191,52.3589423177026
Osdorp-Oost,1,2,4.81855304145004,52.3582738363438
Osdorp-Oost,1,3,4.81861763907877,52.3563005281484
Osdorp-Oost,1,4,4.81806044393282,52.3561716618362
Osdorp-Oost,1,5,4.82043211703505,52.3517438379013
Osdorp-Oost,1,6,4.81170683567306,52.3515771103106
Osdorp-Oost,1,7,4.80360122295576,52.3499739562501
Osdorp-Oost,1,8,4.79531864723589,52.3644398006971
Osdorp-Oost,1,9,4.8075329038613,52.3669149573855
Osdorp-Oost,1,10,4.81304932639025,52.3580273829465
Slotervaart-Noord,1,0,4.82715455392086,52.3721253435281
Slotervaart-Noord,1,1,4.83078699264924,52.3696958331311
Slotervaart-Noord,1,2,4.83231282513362,52.3707925882453
Slotervaart-Noord,1,3,4.83441234911229,52.3703759856256
Slotervaart-Noord,1,4,4.83419189485959,52.3578901559409
Slotervaart-Noord,1,5,4.8185713772423,52.3577136080735
Slotervaart-Noord,1,6,4.81720134520191,52.3589423177026
Slotervaart-Noord,1,7,4.81304932639025,52.3580273829465
Slotervaart-Noord,1,8,4.81217797000386,52.3597231839463
Slotervaart-Noord,1,9,4.82715455392086,52.3721253435281
Overtoomse Veld,1,0,4.84303183417279,52.3722132125924
Overtoomse Veld,1,1,4.84256299559737,52.3695855662611
Overtoomse Veld,1,2,4.84835263965809,52.3697138890094
Overtoomse Veld,1,3,4.85044761136699,52.3652139751003
Overtoomse Veld,1,4,4.85049247947428,52.3642382257645
Overtoomse Veld,1,5,4.84918195769281,52.364222876014
Overtoomse Veld,1,6,4.84887983184193,52.3580425724326
Overtoomse Veld,1,7,4.83419189485959,52.3578901559409
Overtoomse Veld,1,8,4.83388046174871,52.3671292637606
Overtoomse Veld,1,9,4.83533106486001,52.3731508252849
Overtoomse Veld,1,10,4.84303183417279,52.3722132125924
Slotervaart-Zuid,1,0,4.83419189485959,52.3578901559409
Slotervaart-Zuid,1,1,4.83440798639461,52.3456328444804
Slotervaart-Zuid,1,2,4.82293844018452,52.344837105504
Slotervaart-Zuid,1,3,4.82129020037369,52.3486414382517
Slotervaart-Zuid,1,4,4.82117281818917,52.3517360398395
Slotervaart-Zuid,1,5,4.82043211703505,52.3517438379013
Slotervaart-Zuid,1,6,4.81806044393282,52.3561716618362
Slotervaart-Zuid,1,7,4.8185713772423,52.3577136080735
Slotervaart-Zuid,1,8,4.83419189485959,52.3578901559409
Westlandgracht,1,0,4.84473481507291,52.3554787814617
Westlandgracht,1,1,4.84607774434095,52.34665859881
Westlandgracht,1,2,4.84193836578462,52.3459801935709
Westlandgracht,1,3,4.84150026857824,52.3432726244721
Westlandgracht,1,4,4.84254774878531,52.3390530684752
Westlandgracht,1,5,4.84702717172691,52.3376904679462
Westlandgracht,1,6,4.83970040329177,52.3378494946507
Westlandgracht,1,7,4.8374861046781,52.3388201311653
Westlandgracht,1,8,4.83500926177995,52.3415045720624
Westlandgracht,1,9,4.83419189485959,52.3578901559409
Westlandgracht,1,10,4.84887983184193,52.3580425724326
Westlandgracht,1,11,4.84892769155876,52.3555045104677
Westlandgracht,1,12,4.84473481507291,52.3554787814617
Sloten/Nieuw-Sloten,1,0,4.82117281818917,52.3517360398395
Sloten/Nieuw-Sloten,1,1,4.82129020037369,52.3486414382517
Sloten/Nieuw-Sloten,1,2,4.82293844018452,52.344837105504
Sloten/Nieuw-Sloten,1,3,4.83440798639461,52.3456328444804
Sloten/Nieuw-Sloten,1,4,4.83519028454338,52.3410370622524
Sloten/Nieuw-Sloten,1,5,4.8369294227784,52.339188848059
Sloten/Nieuw-Sloten,1,6,4.84019655661214,52.3377088381251
Sloten/Nieuw-Sloten,1,7,4.84702717172691,52.3376904679462
Sloten/Nieuw-Sloten,1,8,4.84621869506483,52.3341269302959
Sloten/Nieuw-Sloten,1,9,4.83555248945466,52.3310040854365
Sloten/Nieuw-Sloten,1,10,4.82212561396372,52.3308216530451
Sloten/Nieuw-Sloten,1,11,4.8171215299197,52.3269251148735
Sloten/Nieuw-Sloten,1,12,4.79776549006134,52.3352825155214
Sloten/Nieuw-Sloten,1,13,4.79110214690345,52.3415001658686
Sloten/Nieuw-Sloten,1,14,4.79670857300096,52.3476305024411
Sloten/Nieuw-Sloten,1,15,4.79942905120994,52.3490712823195
Sloten/Nieuw-Sloten,1,16,4.81170683567306,52.3515771103106
Sloten/Nieuw-Sloten,1,17,4.82117281818917,52.3517360398395
Hoofddorppleinbuurt,1,0,4.84888606963023,52.3579119726566
Hoofddorppleinbuurt,1,1,4.85477598359248,52.3577536877555
Hoofddorppleinbuurt,1,2,4.85155567877796,52.3484461741932
Hoofddorppleinbuurt,1,3,4.84686019634208,52.3408322889992
Hoofddorppleinbuurt,1,4,4.84696624154371,52.3381445770031
Hoofddorppleinbuurt,1,5,4.8429926003153,52.3387023888433
Hoofddorppleinbuurt,1,6,4.84213178098959,52.3396201888592
Hoofddorppleinbuurt,1,7,4.84163212047416,52.3454339873987
Hoofddorppleinbuurt,1,8,4.84607774434095,52.34665859881
Hoofddorppleinbuurt,1,9,4.84473481507291,52.3554787814617
Hoofddorppleinbuurt,1,10,4.84892769155876,52.3555045104677
Hoofddorppleinbuurt,1,11,4.84888606963023,52.3579119726566
Schinkelbuurt,1,0,4.85507925530728,52.3564077412141
Schinkelbuurt,1,1,4.85756797572742,52.3474169250316
Schinkelbuurt,1,2,4.85280513308106,52.3466429778274
Schinkelbuurt,1,3,4.85148196233453,52.3453462425371
Schinkelbuurt,1,4,4.85201665793471,52.3433977370836
Schinkelbuurt,1,5,4.84817560300222,52.3427656928013
Schinkelbuurt,1,6,4.85155567877796,52.3484461741932
Schinkelbuurt,1,7,4.85411728329481,52.3565207391515
Schinkelbuurt,1,8,4.85507925530728,52.3564077412141
Willemspark,1,0,4.86548015241026,52.3590122686981
Willemspark,1,1,4.87056047117393,52.35206976912
Willemspark,1,2,4.86157803056097,52.3497261084004
Willemspark,1,3,4.86091262786122,52.3507643755813
Willemspark,1,4,4.85740777430658,52.3498291736933
Willemspark,1,5,4.85507925530728,52.3564077412141
Willemspark,1,6,4.86548015241026,52.3590122686981
Museumkwartier,1,0,4.8873838321216,52.3602308190204
Museumkwartier,1,1,4.88678964323193,52.3595997155686
Museumkwartier,1,2,4.88627636665035,52.348471820076
Museumkwartier,1,3,4.88367884429334,52.3503644769197
Museumkwartier,1,4,4.87056047117393,52.35206976912
Museumkwartier,1,5,4.86553431424255,52.3588517974264
Museumkwartier,1,6,4.87127118984909,52.3605394659316
Museumkwartier,1,7,4.87662814037786,52.3605791300445
Museumkwartier,1,8,4.88209405387982,52.362054402969
Museumkwartier,1,9,4.8873838321216,52.3602308190204
Oude Pijp,1,0,4.89617212590481,52.3580452192591
Oude Pijp,1,1,4.90462910579487,52.3592106704297
Oude Pijp,1,2,4.90605081554953,52.356167271689
Oude Pijp,1,3,4.89908563634601,52.3541475767607
Oude Pijp,1,4,4.88648006086509,52.3522343621925
Oude Pijp,1,5,4.88678964323193,52.3595997155686
Oude Pijp,1,6,4.8873838321216,52.3602308190204
Oude Pijp,1,7,4.89021043887929,52.3584772497516
Oude Pijp,1,8,4.89617212590481,52.3580452192591
Nieuwe Pijp,1,0,4.90835909011267,52.3533885380115
Nieuwe Pijp,1,1,4.89474248734831,52.3513207199451
Nieuwe Pijp,1,2,4.89525778396124,52.3480111198752
Nieuwe Pijp,1,3,4.88627636665035,52.348471820076
Nieuwe Pijp,1,4,4.88648006086509,52.3522343621925
Nieuwe Pijp,1,5,4.89908563634601,52.3541475767607
Nieuwe Pijp,1,6,4.90605081554953,52.356167271689
Nieuwe Pijp,1,7,4.90835909011267,52.3533885380115
Zuid Pijp,1,0,4.90835909011267,52.3533885380115
Zuid Pijp,1,1,4.91105980673138,52.3500281594737
Zuid Pijp,1,2,4.89525778396124,52.3480111198752
Zuid Pijp,1,3,4.89474248734831,52.3513207199451
Zuid Pijp,1,4,4.90835909011267,52.3533885380115
Stadionbuurt,1,0,4.86091262786122,52.3507643755813
Stadionbuurt,1,1,4.86157803056097,52.3497261084004
Stadionbuurt,1,2,4.86671937388416,52.3505367143798
Stadionbuurt,1,3,4.86816367461065,52.3465582940948
Stadionbuurt,1,4,4.86708395854632,52.3464494217912
Stadionbuurt,1,5,4.86797110684566,52.3439792347467
Stadionbuurt,1,6,4.86281473424373,52.3425578575758
Stadionbuurt,1,7,4.85729490577284,52.3422515575492
Stadionbuurt,1,8,4.85709011251302,52.3388999838233
Stadionbuurt,1,9,4.84696624154371,52.3381445770031
Stadionbuurt,1,10,4.84686019634208,52.3408322889992
Stadionbuurt,1,11,4.84817560300222,52.3427656928013
Stadionbuurt,1,12,4.85201665793471,52.3433977370836
Stadionbuurt,1,13,4.85143688811056,52.3447022884516
Stadionbuurt,1,14,4.85200219961027,52.3460917600668
Stadionbuurt,1,15,4.85756797572742,52.3474169250316
Stadionbuurt,1,16,4.85740777430658,52.3498291736933
Stadionbuurt,1,17,4.86091262786122,52.3507643755813
Apollobuurt,1,0,4.88367884429334,52.3503644769197
Apollobuurt,1,1,4.88627636665035,52.348471820076
Apollobuurt,1,2,4.88572078100013,52.3443753267998
Apollobuurt,1,3,4.88294138458419,52.3444329567325
Apollobuurt,1,4,4.88125268019366,52.3460176626038
Apollobuurt,1,5,4.87858308062826,52.3446829693817
Apollobuurt,1,6,4.86797110684566,52.3439792347467
Apollobuurt,1,7,4.86708395854632,52.3464494217912
Apollobuurt,1,8,4.86816367461065,52.3465582940948
Apollobuurt,1,9,4.86671937388416,52.3505367143798
Apollobuurt,1,10,4.86529766926542,52.3506917844388
Apollobuurt,1,11,4.8719184694054,52.3522157180236
Apollobuurt,1,12,4.88367884429334,52.3503644769197
Scheldebuurt,1,0,4.89511570221044,52.3469375173664
Scheldebuurt,1,1,4.90523244160357,52.3462901007725
Scheldebuurt,1,2,4.90654381202547,52.3427896442797
Scheldebuurt,1,3,4.89902225520302,52.3430127889431
Scheldebuurt,1,4,4.89718395841102,52.342380587516
Scheldebuurt,1,5,4.89742811240415,52.3406100023698
Scheldebuurt,1,6,4.90175987379199,52.3403787542738
Scheldebuurt,1,7,4.90146295982075,52.3380548371266
Scheldebuurt,1,8,4.89913795794253,52.3381665161317
Scheldebuurt,1,9,4.89274154926953,52.3345785485332
Scheldebuurt,1,10,4.89013008541044,52.3361744604738
Scheldebuurt,1,11,4.89188126678809,52.3376169171201
Scheldebuurt,1,12,4.89234658000385,52.3422964937593
Scheldebuurt,1,13,4.89067624835137,52.3442453428401
Scheldebuurt,1,14,4.88573778393954,52.3445044271836
Scheldebuurt,1,15,4.88627636665035,52.348471820076
Scheldebuurt,1,16,4.89525778396124,52.3480111198752
Scheldebuurt,1,17,4.89511570221044,52.3469375173664
IJselbuurt,1,0,4.91270356703705,52.3473354901886
IJselbuurt,1,1,4.90392916941878,52.3461078266381
IJselbuurt,1,2,4.89511570221044,52.3469375173664
IJselbuurt,1,3,4.89525778396124,52.3480111198752
IJselbuurt,1,4,4.91105980673138,52.3500281594737
IJselbuurt,1,5,4.91270356703705,52.3473354901886
Rijnbuurt,1,0,4.91485936847109,52.3426368439814
Rijnbuurt,1,1,4.91404214223838,52.3405760223822
Rijnbuurt,1,2,4.90740633150747,52.3379140584817
Rijnbuurt,1,3,4.9066254246684,52.3356472402567
Rijnbuurt,1,4,4.90454393201516,52.3336961970993
Rijnbuurt,1,5,4.89875107685506,52.3327908882504
Rijnbuurt,1,6,4.89266447207686,52.3342681750738
Rijnbuurt,1,7,4.89913795794253,52.3381665161317
Rijnbuurt,1,8,4.90146295982075,52.3380548371266
Rijnbuurt,1,9,4.90175987379199,52.3403787542738
Rijnbuurt,1,10,4.89742811240415,52.3406100023698
Rijnbuurt,1,11,4.89718395841102,52.342380587516
Rijnbuurt,1,12,4.89902225520302,52.3430127889431
Rijnbuurt,1,13,4.90654381202547,52.3427896442797
Rijnbuurt,1,14,4.90523244160357,52.3462901007725
Rijnbuurt,1,15,4.91270356703705,52.3473354901886
Rijnbuurt,1,16,4.91485936847109,52.3426368439814
Prinses Irenebuurt e.o.,1,0,4.88125268019366,52.3460176626038
Prinses Irenebuurt e.o.,1,1,4.88303172972467,52.3444001947521
Prinses Irenebuurt e.o.,1,2,4.88572078100013,52.3443753267998
Prinses Irenebuurt e.o.,1,3,4.88540022347702,52.3420042266362
Prinses Irenebuurt e.o.,1,4,4.86497766035604,52.3413933388
Prinses Irenebuurt e.o.,1,5,4.86479934314571,52.3431564756555
Prinses Irenebuurt e.o.,1,6,4.86690674579905,52.343816474319
Prinses Irenebuurt e.o.,1,7,4.87858308062826,52.3446829693817
Prinses Irenebuurt e.o.,1,8,4.88125268019366,52.3460176626038
Zuidas,1,0,4.8924100139494,52.3418346440955
Zuidas,1,1,4.89188126678809,52.3376169171201
Zuidas,1,2,4.89005810782733,52.3360665474663
Zuidas,1,3,4.88998242806841,52.3346880796447
Zuidas,1,4,4.8688256914877,52.3349904702627
Zuidas,1,5,4.86884158258872,52.3320995351633
Zuidas,1,6,4.85744344271565,52.3322949150143
Zuidas,1,7,4.85729490577284,52.3422515575492
Zuidas,1,8,4.86479934314571,52.3431564756555
Zuidas,1,9,4.86497766035604,52.3413933388
Zuidas,1,10,4.88540022347702,52.3420042266362
Zuidas,1,11,4.88573778393954,52.3445044271836
Zuidas,1,12,4.89067624835137,52.3442453428401
Zuidas,1,13,4.8924100139494,52.3418346440955
Buitenveldert-West,1,0,4.85757511104142,52.3388506194358
Buitenveldert-West,1,1,4.85744344271565,52.3322949150143
Buitenveldert-West,1,2,4.86884158258872,52.3320995351633
Buitenveldert-West,1,3,4.8688256914877,52.3349904702627
Buitenveldert-West,1,4,4.87864690317739,52.3350865094675
Buitenveldert-West,1,5,4.87944536432859,52.3337126949448
Buitenveldert-West,1,6,4.87961300336168,52.3248210609891
Buitenveldert-West,1,7,4.87794179788286,52.3247885697594
Buitenveldert-West,1,8,4.87810729064879,52.3220920522638
Buitenveldert-West,1,9,4.8567548858125,52.3214132870075
Buitenveldert-West,1,10,4.85592435419134,52.3303178153733
Buitenveldert-West,1,11,4.84800670708239,52.3305699061325
Buitenveldert-West,1,12,4.84523665537523,52.3296815857781
Buitenveldert-West,1,13,4.84396096317324,52.3302184828487
Buitenveldert-West,1,14,4.83947648422142,52.3291456944673
Buitenveldert-West,1,15,4.83940527449802,52.3273593587922
Buitenveldert-West,1,16,4.82517880456539,52.325731017064
Buitenveldert-West,1,17,4.81842578605643,52.3255571955134
Buitenveldert-West,1,18,4.8171215299197,52.3269251148735
Buitenveldert-West,1,19,4.82212561396372,52.3308216530451
Buitenveldert-West,1,20,4.83555248945466,52.3310040854365
Buitenveldert-West,1,21,4.84621869506483,52.3341269302959
Buitenveldert-West,1,22,4.84696624154371,52.3381445770031
Buitenveldert-West,1,23,4.85757511104142,52.3388506194358
Buitenveldert-Oost,1,0,4.89013008541044,52.3361744604738
Buitenveldert-Oost,1,1,4.89304997094538,52.3338621718109
Buitenveldert-Oost,1,2,4.89875107685506,52.3327908882504
Buitenveldert-Oost,1,3,4.89902218380689,52.3299937698057
Buitenveldert-Oost,1,4,4.89525003361603,52.3242007780013
Buitenveldert-Oost,1,5,4.89629164854425,52.3224198587199
Buitenveldert-Oost,1,6,4.87810729064879,52.3220920522638
Buitenveldert-Oost,1,7,4.87794179788286,52.3247885697594
Buitenveldert-Oost,1,8,4.87961300336168,52.3248210609891
Buitenveldert-Oost,1,9,4.87944536432859,52.3337126949448
Buitenveldert-Oost,1,10,4.87864690317739,52.3350865094675
Buitenveldert-Oost,1,11,4.88998242806841,52.3346880796447
Buitenveldert-Oost,1,12,4.89013008541044,52.3361744604738
Oostelijk Havengebied,1,0,4.9524235597147,52.3825705609234
Oostelijk Havengebied,1,1,4.95498462058635,52.3764790475017
Oostelijk Havengebied,1,2,4.95669419139387,52.3689924313298
Oostelijk Havengebied,1,3,4.9554221921555,52.3676720389369
Oostelijk Havengebied,1,4,4.9499839757612,52.3667048700436
Oostelijk Havengebied,1,5,4.931581869816,52.3665674307213
Oostelijk Havengebied,1,6,4.93296846053527,52.3704062165855
Oostelijk Havengebied,1,7,4.93117308186256,52.3727495421983
Oostelijk Havengebied,1,8,4.92351118428015,52.3752093039851
Oostelijk Havengebied,1,9,4.9119755624282,52.3767964987103
Oostelijk Havengebied,1,10,4.91058837988342,52.3799129588023
Oostelijk Havengebied,1,11,4.93108194866642,52.3821403085336
Oostelijk Havengebied,1,12,4.9524235597147,52.3825705609234
Weesperzijde,1,0,4.91132498359352,52.3556345160988
Weesperzijde,1,1,4.91589399464013,52.3542503865773
Weesperzijde,1,2,4.91472314524517,52.3528319758936
Weesperzijde,1,3,4.91462493897077,52.351324961104
Weesperzijde,1,4,4.91649497173456,52.3500248227501
Weesperzijde,1,5,4.9122285426145,52.34811366702
Weesperzijde,1,6,4.90654724802241,52.3553834821016
Weesperzijde,1,7,4.90462910579487,52.3592106704297
Weesperzijde,1,8,4.90832182387093,52.360589912384
Weesperzijde,1,9,4.91132498359352,52.3556345160988
Oosterparkbuurt,1,0,4.92668663222838,52.357865106837
Oosterparkbuurt,1,1,4.91574892061908,52.3543202457004
Oosterparkbuurt,1,2,4.91132498359352,52.3556345160988
Oosterparkbuurt,1,3,4.90832182387093,52.360589912384
Oosterparkbuurt,1,4,4.91812597062264,52.3621906998702
Oosterparkbuurt,1,5,4.92230789521437,52.363757323779
Oosterparkbuurt,1,6,4.92668663222838,52.357865106837
Transvaalbuurt,1,0,4.91649497173456,52.3500248227501
Transvaalbuurt,1,1,4.91455759707276,52.3518296321336
Transvaalbuurt,1,2,4.91608555549097,52.3545371746037
Transvaalbuurt,1,3,4.92668663222838,52.357865106837
Transvaalbuurt,1,4,4.92822706975983,52.3553358967686
Transvaalbuurt,1,5,4.91649497173456,52.3500248227501
Dapperbuurt,1,0,4.93132058508665,52.3649596579513
Dapperbuurt,1,1,4.93230920564845,52.3609124506138
Dapperbuurt,1,2,4.93742722771076,52.3577390413909
Dapperbuurt,1,3,4.92822706975983,52.3553358967686
Dapperbuurt,1,4,4.92230789521437,52.363757323779
Dapperbuurt,1,5,4.92713292749257,52.3664587677809
Dapperbuurt,1,6,4.93209150236389,52.3665710355473
Dapperbuurt,1,7,4.93132058508665,52.3649596579513
Indische Buurt-West,1,0,4.93946005413864,52.3666472862475
Indische Buurt-West,1,1,4.939602582616,52.3620113954769
Indische Buurt-West,1,2,4.94094334021586,52.3584132862151
Indische Buurt-West,1,3,4.93742722771076,52.3577390413909
Indische Buurt-West,1,4,4.93230920564845,52.3609124506138
Indische Buurt-West,1,5,4.93123600452093,52.3632722955263
Indische Buurt-West,1,6,4.93209150236389,52.3665710355473
Indische Buurt-West,1,7,4.93946005413864,52.3666472862475
Indische Buurt-Oost,1,0,4.95853529098143,52.3577933766999
Indische Buurt-Oost,1,1,4.94094334021586,52.3584132862151
Indische Buurt-Oost,1,2,4.939602582616,52.3620113954769
Indische Buurt-Oost,1,3,4.93946005413864,52.3666472862475
Indische Buurt-Oost,1,4,4.9499839757612,52.3667048700436
Indische Buurt-Oost,1,5,4.95656911217688,52.3684608045547
Indische Buurt-Oost,1,6,4.95751852733233,52.3649892736083
Indische Buurt-Oost,1,7,4.96130591571038,52.3591307336525
Indische Buurt-Oost,1,8,4.95853529098143,52.3577933766999
Zeeburgereiland/Bovendiep,1,0,4.9614048122771,52.3811672829834
Zeeburgereiland/Bovendiep,1,1,4.95873684272198,52.380596135055
Zeeburgereiland/Bovendiep,1,2,4.96174289874635,52.3796093516947
Zeeburgereiland/Bovendiep,1,3,4.95870566283869,52.3801628485633
Zeeburgereiland/Bovendiep,1,4,4.9616330260791,52.3793875944774
Zeeburgereiland/Bovendiep,1,5,4.9598605612816,52.3794696377297
Zeeburgereiland/Bovendiep,1,6,4.96471795985846,52.3768777868479
Zeeburgereiland/Bovendiep,1,7,4.96655415778026,52.3782592134331
Zeeburgereiland/Bovendiep,1,8,4.96481043234318,52.3768252917388
Zeeburgereiland/Bovendiep,1,9,4.97364473614955,52.3721677796661
Zeeburgereiland/Bovendiep,1,10,4.97394061556053,52.374335692555
Zeeburgereiland/Bovendiep,1,11,4.97402448989613,52.3719622236569
Zeeburgereiland/Bovendiep,1,12,4.97899747738794,52.3694434846516
Zeeburgereiland/Bovendiep,1,13,4.98696559352833,52.3671662662139
Zeeburgereiland/Bovendiep,1,14,4.99732552339993,52.3664225889354
Zeeburgereiland/Bovendiep,1,15,4.98786596202451,52.3669266005467
Zeeburgereiland/Bovendiep,1,16,4.97967636522044,52.3690576340434
Zeeburgereiland/Bovendiep,1,17,4.9739740501222,52.3686716772654
Zeeburgereiland/Bovendiep,1,18,4.97326407880579,52.367697632609
Zeeburgereiland/Bovendiep,1,19,4.97685742964074,52.3652663331255
Zeeburgereiland/Bovendiep,1,20,4.97434596101533,52.3658172605794
Zeeburgereiland/Bovendiep,1,21,4.97165104018108,52.3648981269733
Zeeburgereiland/Bovendiep,1,22,4.96895155683646,52.3608548254718
Zeeburgereiland/Bovendiep,1,23,4.97377076215525,52.3606602066908
Zeeburgereiland/Bovendiep,1,24,4.97406312369478,52.3579570293883
Zeeburgereiland/Bovendiep,1,25,4.9752723959578,52.3571523312595
Zeeburgereiland/Bovendiep,1,26,4.98328664994195,52.3580716685132
Zeeburgereiland/Bovendiep,1,27,4.98566660933225,52.3576733431775
Zeeburgereiland/Bovendiep,1,28,4.98589510374033,52.356789487778
Zeeburgereiland/Bovendiep,1,29,4.98478481215232,52.3558757405089
Zeeburgereiland/Bovendiep,1,30,4.98515816908432,52.3551176885251
Zeeburgereiland/Bovendiep,1,31,4.99578269768618,52.3498185324202
Zeeburgereiland/Bovendiep,1,32,4.99839471622164,52.3463468686644
Zeeburgereiland/Bovendiep,1,33,5.00059317563928,52.34482786544
Zeeburgereiland/Bovendiep,1,34,5.00581391903228,52.3435553568027
Zeeburgereiland/Bovendiep,1,35,5.0123002699574,52.3439407613956
Zeeburgereiland/Bovendiep,1,36,5.01190836562666,52.3432813619168
Zeeburgereiland/Bovendiep,1,37,5.00853216145588,52.3418344368767
Zeeburgereiland/Bovendiep,1,38,5.00477683791093,52.3425558315068
Zeeburgereiland/Bovendiep,1,39,4.99932065299994,52.3415363247955
Zeeburgereiland/Bovendiep,1,40,4.97415255014061,52.3548251210121
Zeeburgereiland/Bovendiep,1,41,4.96454060198897,52.3574690959024
Zeeburgereiland/Bovendiep,1,42,4.96130591571038,52.3591307336525
Zeeburgereiland/Bovendiep,1,43,4.95751852733233,52.3649892736083
Zeeburgereiland/Bovendiep,1,44,4.95498462058635,52.3764790475017
Zeeburgereiland/Bovendiep,1,45,4.9524235597147,52.3825705609234
Zeeburgereiland/Bovendiep,1,46,4.95840759355399,52.3824732018132
Zeeburgereiland/Bovendiep,1,47,4.9614048122771,52.3811672829834
IJburg-West,1,0,4.99767203053698,52.3503690828153
IJburg-West,1,1,4.99190590376155,52.3529486159841
IJburg-West,1,2,4.98927863826264,52.3547080449743
IJburg-West,1,3,4.99306414021122,52.3536553620892
IJburg-West,1,4,4.99767203053698,52.3503690828153
IJburg-West,2,0,4.99077672673062,52.363771106773
IJburg-West,2,1,4.98662540412072,52.3608087017089
IJburg-West,2,2,4.98538762814615,52.3609226647338
IJburg-West,2,3,4.98769836877977,52.3597857911335
IJburg-West,2,4,4.99207765164407,52.3616579926169
IJburg-West,2,5,5.00646640502234,52.3548825511785
IJburg-West,2,6,5.0060076431962,52.3544715106882
IJburg-West,2,7,5.00658731071447,52.3548191328138
IJburg-West,2,8,5.00535187500511,52.353756417858
IJburg-West,2,9,5.00388274988904,52.3545088643873
IJburg-West,2,10,4.99870210163385,52.3509869978241
IJburg-West,2,11,4.99033107021487,52.3554560613975
IJburg-West,2,12,4.98935567862559,52.3552286947195
IJburg-West,2,13,4.98672147792667,52.3566395520967
IJburg-West,2,14,4.98652445308114,52.3580035011475
IJburg-West,2,15,4.98735744759091,52.3581706302942
IJburg-West,2,16,4.9900293175398,52.3572145130961
IJburg-West,2,17,4.98555085561452,52.3600990724968
IJburg-West,2,18,4.98043693679731,52.3585558074415
IJburg-West,2,19,4.97842009952169,52.3608229825613
IJburg-West,2,20,4.97711221654068,52.3602912400907
IJburg-West,2,21,4.97451300716184,52.3615765410686
IJburg-West,2,22,4.977703505465,52.3642539747977
IJburg-West,2,23,4.9763870445716,52.3649956612318
IJburg-West,2,24,4.97685742964074,52.3652663331255
IJburg-West,2,25,4.98091178217097,52.3632951592213
IJburg-West,2,26,4.98473994213514,52.3648750526818
IJburg-West,2,27,4.98469151597473,52.365672910742
IJburg-West,2,28,4.99077672673062,52.363771106773
IJburg-Oost,1,0,5.0212526369918,52.3541017344361
IJburg-Oost,1,1,5.01656762081142,52.3537653322898
IJburg-Oost,1,2,5.01910337508563,52.3503819861749
IJburg-Oost,1,3,5.01526247669065,52.3487823819463
IJburg-Oost,1,4,5.01511907323999,52.3474333895356
IJburg-Oost,1,5,5.00951716090151,52.3532552629829
IJburg-Oost,1,6,5.013335745339,52.3543434144087
IJburg-Oost,1,7,5.01383877466471,52.3551427042424
IJburg-Oost,1,8,5.01450801390121,52.3547157241617
IJburg-Oost,1,9,5.02016268143035,52.3564087911717
IJburg-Oost,1,10,5.0212526369918,52.3541017344361
IJburg-Oost,2,0,5.01453173677126,52.3679776675516
IJburg-Oost,2,1,5.00847391378871,52.3669521509667
IJburg-Oost,2,2,5.00003586757118,52.3666140784034
IJburg-Oost,2,3,5.01453173677126,52.3679776675516
IJburg-Zuid,1,0,5.00513400152712,52.3441708168786
IJburg-Zuid,1,1,4.99944549388469,52.3461905304078
IJburg-Zuid,1,2,4.99844245999228,52.3483823042412
IJburg-Zuid,1,3,5.00496534372488,52.3461435379891
IJburg-Zuid,1,4,5.00752778967978,52.3444319367638
IJburg-Zuid,1,5,5.00513400152712,52.3441708168786
IJburg-Zuid,2,0,5.00388274988904,52.3545088643873
IJburg-Zuid,2,1,5.00951716090151,52.3532552629829
IJburg-Zuid,2,2,5.0145950518017,52.3471306265674
IJburg-Zuid,2,3,5.00908854762969,52.3450369021651
IJburg-Zuid,2,4,4.99879473538995,52.3507974242215
IJburg-Zuid,2,5,5.00388274988904,52.3545088643873
Frankendael,1,0,4.9401818339059,52.3477832639869
Frankendael,1,1,4.9271396718661,52.3398103523719
Frankendael,1,2,4.91888127049765,52.3437794861755
Frankendael,1,3,4.9174099081814,52.3465047068432
Frankendael,1,4,4.91318778874455,52.3456037125107
Frankendael,1,5,4.9122285426145,52.34811366702
Frankendael,1,6,4.92822706975983,52.3553358967686
Frankendael,1,7,4.9401818339059,52.3477832639869
Middenmeer,1,0,4.96130591571038,52.3591307336525
Middenmeer,1,1,4.96971242554293,52.3563629341039
Middenmeer,1,2,4.96952241255184,52.3554981776398
Middenmeer,1,3,4.9662398655224,52.3541637675513
Middenmeer,1,4,4.96582286103003,52.3546966746944
Middenmeer,1,5,4.95969659793466,52.3469294409725
Middenmeer,1,6,4.95273096711745,52.3401586347724
Middenmeer,1,7,4.92822706975983,52.3553358967686
Middenmeer,1,8,4.94070061810332,52.3584039045788
Middenmeer,1,9,4.95853529098143,52.3577933766999
Middenmeer,1,10,4.96130591571038,52.3591307336525
Betondorp,1,0,4.94259700891013,52.3365211116627
Betondorp,1,1,4.92913989882838,52.3389721843115
Betondorp,1,2,4.9271396718661,52.3398103523719
Betondorp,1,3,4.9401818339059,52.3477832639869
Betondorp,1,4,4.95273096711745,52.3401586347724
Betondorp,1,5,4.9495482964704,52.3383786427505
Betondorp,1,6,4.94259700891013,52.3365211116627
Omval/Overamstel,1,0,4.91929043073085,52.343608611682
Omval/Overamstel,1,1,4.92884084851632,52.3390512690662
Omval/Overamstel,1,2,4.94259700891013,52.3365211116627
Omval/Overamstel,1,3,4.94172113842704,52.3364069890239
Omval/Overamstel,1,4,4.94170555174188,52.3355328719209
Omval/Overamstel,1,5,4.93651166657881,52.3345919877224
Omval/Overamstel,1,6,4.93562371435204,52.3355139546268
Omval/Overamstel,1,7,4.92849332124568,52.3365548149622
Omval/Overamstel,1,8,4.9257733583517,52.3353727226206
Omval/Overamstel,1,9,4.92376528381492,52.3354426736607
Omval/Overamstel,1,10,4.92255046345102,52.3330841951443
Omval/Overamstel,1,11,4.91293171902751,52.3305104140445
Omval/Overamstel,1,12,4.91388130586507,52.3245515359258
Omval/Overamstel,1,13,4.91033416853571,52.3235663241157
Omval/Overamstel,1,14,4.91135054386867,52.3228992533001
Omval/Overamstel,1,15,4.91073028487328,52.3219141670615
Omval/Overamstel,1,16,4.91428149767823,52.3204079782073
Omval/Overamstel,1,17,4.91237560588228,52.3182480106666
Omval/Overamstel,1,18,4.90913528219868,52.3182531971897
Omval/Overamstel,1,19,4.90784054749087,52.319504847459
Omval/Overamstel,1,20,4.90209366611033,52.3214498486324
Omval/Overamstel,1,21,4.89714611736778,52.321896428605
Omval/Overamstel,1,22,4.89575431423737,52.3228674042325
Omval/Overamstel,1,23,4.89530585173023,52.3243381009016
Omval/Overamstel,1,24,4.89902218380689,52.3299937698057
Omval/Overamstel,1,25,4.89897471927544,52.332982262186
Omval/Overamstel,1,26,4.90454393201516,52.3336961970993
Omval/Overamstel,1,27,4.9066254246684,52.3356472402567
Omval/Overamstel,1,28,4.90740633150747,52.3379140584817
Omval/Overamstel,1,29,4.91262020140908,52.3397322745015
Omval/Overamstel,1,30,4.91486336230565,52.3415993858292
Omval/Overamstel,1,31,4.91318778874455,52.3456037125107
Omval/Overamstel,1,32,4.9174099081814,52.3465047068432
Omval/Overamstel,1,33,4.91929043073085,52.343608611682
Oostzanerwerf,1,0,4.86615881225928,52.4306593509883
Oostzanerwerf,1,1,4.87324746624681,52.4295430711246
Oostzanerwerf,1,2,4.87411238081727,52.4279639379096
Oostzanerwerf,1,3,4.87786408401339,52.4258426775398
Oostzanerwerf,1,4,4.89087036889816,52.4255710302847
Oostzanerwerf,1,5,4.89873971382939,52.4244613397199
Oostzanerwerf,1,6,4.89784276832719,52.4152896211866
Oostzanerwerf,1,7,4.89590839221305,52.4158940781781
Oostzanerwerf,1,8,4.88590362393074,52.4147346228473
Oostzanerwerf,1,9,4.87926205248466,52.4190853912807
Oostzanerwerf,1,10,4.87793205715047,52.4188588833866
Oostzanerwerf,1,11,4.87500741857761,52.41612835313
Oostzanerwerf,1,12,4.87380997289966,52.4160347233847
Oostzanerwerf,1,13,4.86776176056379,52.4182692038406
Oostzanerwerf,1,14,4.86362558087544,52.4139036837023
Oostzanerwerf,1,15,4.85571248802308,52.4163229161436
Oostzanerwerf,1,16,4.8598495824269,52.4204429491547
Oostzanerwerf,1,17,4.85786599552267,52.423829284035
Oostzanerwerf,1,18,4.85808054365733,52.4249371502786
Oostzanerwerf,1,19,4.86245372915952,52.4287759511553
Oostzanerwerf,1,20,4.86267745344935,52.4299413149662
Oostzanerwerf,1,21,4.86615881225928,52.4306593509883
Noordelijke IJ-oevers-West,1,0,4.87345186984736,52.4160381234005
Noordelijke IJ-oevers-West,1,1,4.87500741857761,52.41612835313
Noordelijke IJ-oevers-West,1,2,4.89162616754352,52.4076137302265
Noordelijke IJ-oevers-West,1,3,4.89287782587891,52.4067023004504
Noordelijke IJ-oevers-West,1,4,4.89350623533909,52.4046243073708
Noordelijke IJ-oevers-West,1,5,4.90018925085133,52.4014742425566
Noordelijke IJ-oevers-West,1,6,4.90240452651229,52.4040522596184
Noordelijke IJ-oevers-West,1,7,4.90886602590256,52.4010224119358
Noordelijke IJ-oevers-West,1,8,4.90988522069364,52.3984722240855
Noordelijke IJ-oevers-West,1,9,4.90917282493186,52.3977412885775
Noordelijke IJ-oevers-West,1,10,4.9106659194741,52.3969864907823
Noordelijke IJ-oevers-West,1,11,4.91288036975545,52.3923470345144
Noordelijke IJ-oevers-West,1,12,4.9085577056147,52.3933268353303
Noordelijke IJ-oevers-West,1,13,4.90590777737746,52.3901162633317
Noordelijke IJ-oevers-West,1,14,4.90721459688303,52.3864777216665
Noordelijke IJ-oevers-West,1,15,4.9067101785088,52.3854040126904
Noordelijke IJ-oevers-West,1,16,4.90005463245777,52.3821540641709
Noordelijke IJ-oevers-West,1,17,4.8962412141214,52.3856478277528
Noordelijke IJ-oevers-West,1,18,4.89365450419078,52.3928231561992
Noordelijke IJ-oevers-West,1,19,4.89200184777089,52.3947861039184
Noordelijke IJ-oevers-West,1,20,4.87098529153662,52.4101306252102
Noordelijke IJ-oevers-West,1,21,4.86362558087544,52.4139036837023
Noordelijke IJ-oevers-West,1,22,4.86776176056379,52.4182692038406
Noordelijke IJ-oevers-West,1,23,4.87345186984736,52.4160381234005
Tuindorp Oostzaan,1,0,4.88590362393074,52.4147346228473
Tuindorp Oostzaan,1,1,4.89590839221305,52.4158940781781
Tuindorp Oostzaan,1,2,4.89784276832719,52.4152896211866
Tuindorp Oostzaan,1,3,4.90738460626963,52.4078969639854
Tuindorp Oostzaan,1,4,4.90018925085133,52.4014742425566
Tuindorp Oostzaan,1,5,4.89350623533909,52.4046243073708
Tuindorp Oostzaan,1,6,4.8923624504736,52.4071888970851
Tuindorp Oostzaan,1,7,4.87560254961299,52.4155005851599
Tuindorp Oostzaan,1,8,4.87502273546664,52.4165414732502
Tuindorp Oostzaan,1,9,4.87926205248466,52.4190853912807
Tuindorp Oostzaan,1,10,4.88590362393074,52.4147346228473
Kadoelen,1,0,4.91393349428604,52.4185315575538
Kadoelen,1,1,4.91569029996234,52.4185638074223
Kadoelen,1,2,4.92045031445699,52.4166070322574
Kadoelen,1,3,4.9126192157103,52.4100767424121
Kadoelen,1,4,4.90903471488366,52.4080153517042
Kadoelen,1,5,4.90738460626963,52.4078969639854
Kadoelen,1,6,4.89784276832719,52.4152896211866
Kadoelen,1,7,4.89874101751552,52.4244897639142
Kadoelen,1,8,4.91393349428604,52.4185315575538
Banne Buiksloot,1,0,4.92497730861036,52.404340147602
Banne Buiksloot,1,1,4.92210167816085,52.3992573393061
Banne Buiksloot,1,2,4.91472347308075,52.401495921312
Banne Buiksloot,1,3,4.91399314065609,52.4007690963709
Banne Buiksloot,1,4,4.90891538909716,52.4009469082956
Banne Buiksloot,1,5,4.90240452651229,52.4040522596184
Banne Buiksloot,1,6,4.90629526808718,52.4062155618307
Banne Buiksloot,1,7,4.90738460626963,52.4078969639854
Banne Buiksloot,1,8,4.90903471488366,52.4080153517042
Banne Buiksloot,1,9,4.9126192157103,52.4100767424121
Banne Buiksloot,1,10,4.92045031445699,52.4166070322574
Banne Buiksloot,1,11,4.93071588322207,52.411607581431
Banne Buiksloot,1,12,4.92558660289305,52.407282978941
Banne Buiksloot,1,13,4.92497730861036,52.404340147602
Nieuwendammerdijk/Buiksloterdijk,1,0,4.91472347308075,52.401495921312
Nieuwendammerdijk/Buiksloterdijk,1,1,4.92230552942132,52.3993542353833
Nieuwendammerdijk/Buiksloterdijk,1,2,4.92483263158748,52.3956165477857
Nieuwendammerdijk/Buiksloterdijk,1,3,4.92420672315811,52.3948400236528
Nieuwendammerdijk/Buiksloterdijk,1,4,4.92513867629395,52.39117853378
Nieuwendammerdijk/Buiksloterdijk,1,5,4.93323930139318,52.3918429393356
Nieuwendammerdijk/Buiksloterdijk,1,6,4.93393138144952,52.3922899302501
Nieuwendammerdijk/Buiksloterdijk,1,7,4.93318682850975,52.392565677831
Nieuwendammerdijk/Buiksloterdijk,1,8,4.93501543141546,52.3930812658796
Nieuwendammerdijk/Buiksloterdijk,1,9,4.9419172175092,52.3910339180525
Nieuwendammerdijk/Buiksloterdijk,1,10,4.94793818720897,52.3868773865052
Nieuwendammerdijk/Buiksloterdijk,1,11,4.95242397172263,52.3863081503539
Nieuwendammerdijk/Buiksloterdijk,1,12,4.94452927637135,52.3856382839579
Nieuwendammerdijk/Buiksloterdijk,1,13,4.93836617542319,52.3867329728213
Nieuwendammerdijk/Buiksloterdijk,1,14,4.93962453025734,52.3899443050766
Nieuwendammerdijk/Buiksloterdijk,1,15,4.9383990398979,52.390772580356
Nieuwendammerdijk/Buiksloterdijk,1,16,4.93341138372784,52.3914487622434
Nieuwendammerdijk/Buiksloterdijk,1,17,4.92475319834431,52.3906671326023
Nieuwendammerdijk/Buiksloterdijk,1,18,4.92324285078379,52.3966667127473
Nieuwendammerdijk/Buiksloterdijk,1,19,4.92141758976765,52.3992099289049
Nieuwendammerdijk/Buiksloterdijk,1,20,4.9148311455387,52.4008994363501
Nieuwendammerdijk/Buiksloterdijk,1,21,4.91472347308075,52.401495921312
Elzenhagen,1,0,4.92483263158748,52.3956165477857
Elzenhagen,1,1,4.92230552942132,52.3993542353833
Elzenhagen,1,2,4.92497730861036,52.404340147602
Elzenhagen,1,3,4.92540071633672,52.4070191237727
Elzenhagen,1,4,4.92965228861168,52.4110121206791
Elzenhagen,1,5,4.93920820095749,52.4073550515554
Elzenhagen,1,6,4.92483263158748,52.3956165477857
Buikslotermeer,1,0,4.94655903092913,52.3979076596037
Buikslotermeer,1,1,4.94478192550875,52.3980653836512
Buikslotermeer,1,2,4.94093257791929,52.3944674202794
Buikslotermeer,1,3,4.93501543141546,52.3930812658796
Buikslotermeer,1,4,4.92454120055585,52.3952632557863
Buikslotermeer,1,5,4.93920820095749,52.4073550515554
Buikslotermeer,1,6,4.95179813064766,52.4027984597524
Buikslotermeer,1,7,4.94655903092913,52.3979076596037
Waterlandpleinbuurt,1,0,4.95895604196548,52.3983603184177
Waterlandpleinbuurt,1,1,4.96685743920704,52.390000986247
Waterlandpleinbuurt,1,2,4.95242397172263,52.3863081503539
Waterlandpleinbuurt,1,3,4.95242436597443,52.3898302491047
Waterlandpleinbuurt,1,4,4.95160008467729,52.391291712066
Waterlandpleinbuurt,1,5,4.94093257791929,52.3944674202794
Waterlandpleinbuurt,1,6,4.94478192550875,52.3980653836512
Waterlandpleinbuurt,1,7,4.94655903092913,52.3979076596037
Waterlandpleinbuurt,1,8,4.95179813064766,52.4027984597524
Waterlandpleinbuurt,1,9,4.95895604196548,52.3983603184177
Volewijck,1,0,4.91399314065609,52.4007690963709
Volewijck,1,1,4.92153784536886,52.3990736636818
Volewijck,1,2,4.92082407232243,52.3984754331806
Volewijck,1,3,4.92220847230109,52.3962751992689
Volewijck,1,4,4.9192361064636,52.3907607837594
Volewijck,1,5,4.91308595164306,52.386312765269
Volewijck,1,6,4.90209145398546,52.3811947389767
Volewijck,1,7,4.90005463245777,52.3821540641709
Volewijck,1,8,4.90616910130489,52.3849266466633
Volewijck,1,9,4.90713544723708,52.3860684975681
Volewijck,1,10,4.90597806056381,52.3904081088973
Volewijck,1,11,4.9085577056147,52.3933268353303
Volewijck,1,12,4.91288036975545,52.3923470345144
Volewijck,1,13,4.9106659194741,52.3969864907823
Volewijck,1,14,4.90917282493186,52.3977412885775
Volewijck,1,15,4.90988522069364,52.3984722240855
Volewijck,1,16,4.90891538909716,52.4009469082956
Volewijck,1,17,4.91399314065609,52.4007690963709
IJplein/Vogelbuurt,1,0,4.92475319834431,52.3906671326023
IJplein/Vogelbuurt,1,1,4.93341138372784,52.3914487622434
IJplein/Vogelbuurt,1,2,4.9383990398979,52.390772580356
IJplein/Vogelbuurt,1,3,4.93962453025734,52.3899443050766
IJplein/Vogelbuurt,1,4,4.93836617542319,52.3867329728213
IJplein/Vogelbuurt,1,5,4.93296219839406,52.38760520431
IJplein/Vogelbuurt,1,6,4.93242689069404,52.3864421510803
IJplein/Vogelbuurt,1,7,4.92966632560651,52.3874195413834
IJplein/Vogelbuurt,1,8,4.92828970509579,52.3862471493571
IJplein/Vogelbuurt,1,9,4.92391360407749,52.3875641061
IJplein/Vogelbuurt,1,10,4.92227936497382,52.3861203227196
IJplein/Vogelbuurt,1,11,4.91893934452171,52.3855145350907
IJplein/Vogelbuurt,1,12,4.9198526856304,52.3808110551325
IJplein/Vogelbuurt,1,13,4.90867962727019,52.3798552806612
IJplein/Vogelbuurt,1,14,4.90209145398546,52.3811947389767
IJplein/Vogelbuurt,1,15,4.91377938221871,52.3866626520603
IJplein/Vogelbuurt,1,16,4.91822911390736,52.3897437025953
IJplein/Vogelbuurt,1,17,4.92220847230109,52.3962751992689
IJplein/Vogelbuurt,1,18,4.92096454645413,52.3988419001478
IJplein/Vogelbuurt,1,19,4.92153784536886,52.3990736636818
IJplein/Vogelbuurt,1,20,4.92324285078379,52.3966667127473
IJplein/Vogelbuurt,1,21,4.92475319834431,52.3906671326023
Tuindorp Buiksloot,1,0,4.93389203355555,52.392994474262
Tuindorp Buiksloot,1,1,4.93323930139318,52.3918429393356
Tuindorp Buiksloot,1,2,4.92513867629395,52.39117853378
Tuindorp Buiksloot,1,3,4.92420672315811,52.3948400236528
Tuindorp Buiksloot,1,4,4.93389203355555,52.392994474262
Tuindorp Nieuwendam,1,0,4.95160008467729,52.391291712066
Tuindorp Nieuwendam,1,1,4.95242436597443,52.3898302491047
Tuindorp Nieuwendam,1,2,4.9524240155563,52.3867201354229
Tuindorp Nieuwendam,1,3,4.94980489966569,52.3866219814744
Tuindorp Nieuwendam,1,4,4.94808225354015,52.3868244262268
Tuindorp Nieuwendam,1,5,4.9419172175092,52.3910339180525
Tuindorp Nieuwendam,1,6,4.93501543141546,52.3930812658796
Tuindorp Nieuwendam,1,7,4.94007619342877,52.394701473471
Tuindorp Nieuwendam,1,8,4.95160008467729,52.391291712066
Noordelijke IJ-oevers-Oost,1,0,4.94452927637135,52.3856382839579
Noordelijke IJ-oevers-Oost,1,1,4.95242397172263,52.3863081503539
Noordelijke IJ-oevers-Oost,1,2,4.9524235597147,52.3825705609234
Noordelijke IJ-oevers-Oost,1,3,4.93108194866642,52.3821403085336
Noordelijke IJ-oevers-Oost,1,4,4.9198526856304,52.3808110551325
Noordelijke IJ-oevers-Oost,1,5,4.91881495446933,52.384491713562
Noordelijke IJ-oevers-Oost,1,6,4.91893934452171,52.3855145350907
Noordelijke IJ-oevers-Oost,1,7,4.92227936497382,52.3861203227196
Noordelijke IJ-oevers-Oost,1,8,4.92391360407749,52.3875641061
Noordelijke IJ-oevers-Oost,1,9,4.92828970509579,52.3862471493571
Noordelijke IJ-oevers-Oost,1,10,4.92966632560651,52.3874195413834
Noordelijke IJ-oevers-Oost,1,11,4.93242689069404,52.3864421510803
Noordelijke IJ-oevers-Oost,1,12,4.93296219839406,52.38760520431
Noordelijke IJ-oevers-Oost,1,13,4.94452927637135,52.3856382839579
Waterland,1,0,5.01406732729883,52.3716584618669
Waterland,1,1,5.01323796085385,52.3716596060502
Waterland,1,2,5.01250513811716,52.3724367252927
Waterland,1,3,5.01456396446742,52.3729565341699
Waterland,1,4,5.01406732729883,52.3716584618669
Waterland,2,0,5.0142955685127,52.3741705779202
Waterland,2,1,5.01515880459625,52.3771684537506
Waterland,2,2,5.01617253404363,52.3774338195903
Waterland,2,3,5.01866609913656,52.3823688556318
Waterland,2,4,5.02390502665873,52.3867815107772
Waterland,2,5,5.01887177077512,52.3810339564777
Waterland,2,6,5.0142955685127,52.3741705779202
Waterland,3,0,4.98710149189927,52.4228416978755
Waterland,3,1,4.98910017755686,52.4233065068721
Waterland,3,2,4.99044519768917,52.4255207799682
Waterland,3,3,5.0001566861649,52.4254431190411
Waterland,3,4,5.01820510921643,52.4190595494327
Waterland,3,5,5.02161088513714,52.421222049124
Waterland,3,6,5.027260300512,52.4198655048007
Waterland,3,7,5.02951045383394,52.418063230962
Waterland,3,8,5.03004479177866,52.4156434957915
Waterland,3,9,5.03346841324258,52.416685392515
Waterland,3,10,5.03547017036993,52.4182739600781
Waterland,3,11,5.04917713342394,52.4151292725489
Waterland,3,12,5.05775654401222,52.416537776716
Waterland,3,13,5.06255628653204,52.4161733117384
Waterland,3,14,5.06541254601265,52.4172394478379
Waterland,3,15,5.06826352414765,52.4165580995756
Waterland,3,16,5.06841271559613,52.4154525118958
Waterland,3,17,5.06726966615109,52.4134221152039
Waterland,3,18,5.05763407425333,52.4148164465829
Waterland,3,19,5.05221051511838,52.4131809902584
Waterland,3,20,5.04625468443654,52.4067333396361
Waterland,3,21,5.03837157320839,52.4048720521036
Waterland,3,22,5.03152649096071,52.4009203882377
Waterland,3,23,5.02906126696379,52.3980089590232
Waterland,3,24,5.02520759190701,52.388125246444
Waterland,3,25,5.01906088547039,52.3865746143683
Waterland,3,26,5.01713678211733,52.3843743536721
Waterland,3,27,5.01411711559185,52.3845614253469
Waterland,3,28,5.01286542823634,52.3842069190659
Waterland,3,29,5.0130817965394,52.383483161409
Waterland,3,30,5.01086853947405,52.3830936208897
Waterland,3,31,5.01120547527749,52.3821705092949
Waterland,3,32,5.01363276687953,52.3817513605284
Waterland,3,33,5.01356732188067,52.3786793251376
Waterland,3,34,5.01239444348438,52.3776486017921
Waterland,3,35,5.01306448354962,52.3771242767732
Waterland,3,36,5.01172065463889,52.3758822153699
Waterland,3,37,5.01151543954106,52.3740439043267
Waterland,3,38,5.01280848408011,52.3731854164662
Waterland,3,39,5.01188617271698,52.3737062169119
Waterland,3,40,5.0083594853484,52.3725639006455
Waterland,3,41,5.00175955057477,52.3749180200211
Waterland,3,42,4.99990420869067,52.3782344924101
Waterland,3,43,4.99862058956188,52.3787812031103
Waterland,3,44,4.99475103239381,52.3777178316847
Waterland,3,45,4.99367067113578,52.3782011720374
Waterland,3,46,4.99835768851507,52.3798215134755
Waterland,3,47,4.99124664876721,52.3775408487971
Waterland,3,48,4.99256305918289,52.3771628571493
Waterland,3,49,4.98935486876481,52.3775252728075
Waterland,3,50,4.98165728333783,52.3734609225348
Waterland,3,51,4.98011958489715,52.3737154607223
Waterland,3,52,4.97396603272895,52.3794421249463
Waterland,3,53,4.97394061556053,52.374335692555
Waterland,3,54,4.97299163128698,52.3798131554777
Waterland,3,55,4.96839071785226,52.3794803119246
Waterland,3,56,4.96666508093338,52.3782004011872
Waterland,3,57,4.9682903550093,52.3795636859469
Waterland,3,58,4.96329560427072,52.3835857910997
Waterland,3,59,4.96116301645028,52.3818010460974
Waterland,3,60,4.96162321143159,52.3813184314862
Waterland,3,61,4.95840759355399,52.3824732018132
Waterland,3,62,4.9524235597147,52.3825705609234
Waterland,3,63,4.95242397172263,52.3863081503539
Waterland,3,64,4.96685743920704,52.390000986247
Waterland,3,65,4.96051240307642,52.3970627468289
Waterland,3,66,4.95396089955444,52.4016477496548
Waterland,3,67,4.946445304276,52.4051289646108
Waterland,3,68,4.93485357217661,52.4086190344324
Waterland,3,69,4.92965228861168,52.4110121206791
Waterland,3,70,4.94406898660724,52.4143424772304
Waterland,3,71,4.94778857418796,52.4215622411194
Waterland,3,72,4.95148136591567,52.4219297446706
Waterland,3,73,4.95133224469112,52.4232261675372
Waterland,3,74,4.95276974674278,52.4236794049768
Waterland,3,75,4.95360225660032,52.4222147368368
Waterland,3,76,4.95594973236284,52.4219544032708
Waterland,3,77,4.97331980850478,52.4227973341675
Waterland,3,78,4.98263641950962,52.4267622923888
Waterland,3,79,4.98710149189927,52.4228416978755
Driemond,1,0,5.01665325360783,52.3229868959074
Driemond,1,1,5.017932845894,52.3231923382079
Driemond,1,2,5.02154319639451,52.3024568500096
Driemond,1,3,5.0118267756467,52.3037757756974
Driemond,1,4,5.01130950772504,52.3042777896833
Driemond,1,5,5.01189057360698,52.3045044547556
Driemond,1,6,5.00958143496281,52.3053009088599
Driemond,1,7,5.00680870891727,52.3079509479045
Driemond,1,8,4.99611693271785,52.3124427450647
Driemond,1,9,5.01613367957845,52.3245121216497
Driemond,1,10,5.01665325360783,52.3229868959074
Bloemendalerpolder,1,0,5.01727329057549,52.3301867111145
Bloemendalerpolder,1,1,5.0294949492006,52.3307188425407
Bloemendalerpolder,1,2,5.03941783807233,52.3291011159478
Bloemendalerpolder,1,3,5.04390318688091,52.3279892835634
Bloemendalerpolder,1,4,5.04517773959471,52.326847400138
Bloemendalerpolder,1,5,5.0493438755798,52.326946701504
Bloemendalerpolder,1,6,5.06151356602788,52.3236747175708
Bloemendalerpolder,1,7,5.0614684247277,52.321747096848
Bloemendalerpolder,1,8,5.05674179105008,52.3195994344825
Bloemendalerpolder,1,9,5.05909286284176,52.3170523131033
Bloemendalerpolder,1,10,5.0583400307093,52.3163172919017
Bloemendalerpolder,1,11,5.05318405085632,52.3155620171735
Bloemendalerpolder,1,12,5.05167293984841,52.3141965763577
Bloemendalerpolder,1,13,5.05691985847887,52.3106886238315
Bloemendalerpolder,1,14,5.04774444190602,52.3099747311664
Bloemendalerpolder,1,15,5.03986841683668,52.3144319631671
Bloemendalerpolder,1,16,5.01842400481516,52.3243389069725
Bloemendalerpolder,1,17,5.01727329057549,52.3301867111145
Weesp-Noordwest,1,0,5.03986841683668,52.3144319631671
Weesp-Noordwest,1,1,5.04774444190602,52.3099747311664
Weesp-Noordwest,1,2,5.04438906021122,52.3099483027709
Weesp-Noordwest,1,3,5.04215022536995,52.3112911781165
Weesp-Noordwest,1,4,5.04005211064531,52.310369521574
Weesp-Noordwest,1,5,5.03709222548654,52.3104698475358
Weesp-Noordwest,1,6,5.03636959005368,52.3102866486143
Weesp-Noordwest,1,7,5.03715274028241,52.3087796468861
Weesp-Noordwest,1,8,5.02686015476345,52.3077832521923
Weesp-Noordwest,1,9,5.02330732931636,52.3048795674458
Weesp-Noordwest,1,10,5.02126804036621,52.3041750711131
Weesp-Noordwest,1,11,5.01805370520932,52.3219836943666
Weesp-Noordwest,1,12,5.01842400481516,52.3243389069725
Weesp-Noordwest,1,13,5.03986841683668,52.3144319631671
Weesp Binnenstad/Zuid,1,0,5.04215022536995,52.3112911781165
Weesp Binnenstad/Zuid,1,1,5.04665274718617,52.3096194898594
Weesp Binnenstad/Zuid,1,2,5.04710498239495,52.3081440233332
Weesp Binnenstad/Zuid,1,3,5.04901088440792,52.307524371329
Weesp Binnenstad/Zuid,1,4,5.04834770458231,52.3055986909259
Weesp Binnenstad/Zuid,1,5,5.05293525748272,52.3030828141625
Weesp Binnenstad/Zuid,1,6,5.05404700051053,52.3006287881562
Weesp Binnenstad/Zuid,1,7,5.05047042290779,52.2994581074735
Weesp Binnenstad/Zuid,1,8,5.04699919736232,52.3015334789571
Weesp Binnenstad/Zuid,1,9,5.0427598776426,52.3025177823754
Weesp Binnenstad/Zuid,1,10,5.02150108140282,52.3028089414126
Weesp Binnenstad/Zuid,1,11,5.02126804036621,52.3041750711131
Weesp Binnenstad/Zuid,1,12,5.02330732931636,52.3048795674458
Weesp Binnenstad/Zuid,1,13,5.02686015476345,52.3077832521923
Weesp Binnenstad/Zuid,1,14,5.03715274028241,52.3087796468861
Weesp Binnenstad/Zuid,1,15,5.03636959005368,52.3102866486143
Weesp Binnenstad/Zuid,1,16,5.04005211064531,52.310369521574
Weesp Binnenstad/Zuid,1,17,5.04215022536995,52.3112911781165
Aetsveld/Oostelijke Vechtoever,1,0,5.06905211068866,52.3215391180639
Aetsveld/Oostelijke Vechtoever,1,1,5.07751446775008,52.3181771087182
Aetsveld/Oostelijke Vechtoever,1,2,5.08321413844063,52.317267268326
Aetsveld/Oostelijke Vechtoever,1,3,5.09280763121257,52.3142652535553
Aetsveld/Oostelijke Vechtoever,1,4,5.0921259534685,52.3130137411792
Aetsveld/Oostelijke Vechtoever,1,5,5.10055410383513,52.310436918433
Aetsveld/Oostelijke Vechtoever,1,6,5.09627594932711,52.306913335626
Aetsveld/Oostelijke Vechtoever,1,7,5.09577100236726,52.3037617486191
Aetsveld/Oostelijke Vechtoever,1,8,5.09677249258189,52.3004570383115
Aetsveld/Oostelijke Vechtoever,1,9,5.10087991351122,52.2980417896846
Aetsveld/Oostelijke Vechtoever,1,10,5.10622359634517,52.2983426240197
Aetsveld/Oostelijke Vechtoever,1,11,5.10769333299986,52.2972258286958
Aetsveld/Oostelijke Vechtoever,1,12,5.10606506037981,52.2946684886818
Aetsveld/Oostelijke Vechtoever,1,13,5.10291868034797,52.2944677052897
Aetsveld/Oostelijke Vechtoever,1,14,5.09935398160208,52.2928035046044
Aetsveld/Oostelijke Vechtoever,1,15,5.09847354166339,52.2916361502736
Aetsveld/Oostelijke Vechtoever,1,16,5.0987149974418,52.2905737035247
Aetsveld/Oostelijke Vechtoever,1,17,5.10470015988757,52.2855611880318
Aetsveld/Oostelijke Vechtoever,1,18,5.10427502072188,52.2832082980738
Aetsveld/Oostelijke Vechtoever,1,19,5.10201331252137,52.281654039336
Aetsveld/Oostelijke Vechtoever,1,20,5.10206580657742,52.2798908367356
Aetsveld/Oostelijke Vechtoever,1,21,5.08770417316408,52.2816849251976
Aetsveld/Oostelijke Vechtoever,1,22,5.08461551714712,52.2794075046108
Aetsveld/Oostelijke Vechtoever,1,23,5.07708195259332,52.2779766091328
Aetsveld/Oostelijke Vechtoever,1,24,5.06462792877446,52.2782636255988
Aetsveld/Oostelijke Vechtoever,1,25,5.0638125343283,52.278577067661
Aetsveld/Oostelijke Vechtoever,1,26,5.06532548811819,52.2796593438191
Aetsveld/Oostelijke Vechtoever,1,27,5.0639850012382,52.2802613565651
Aetsveld/Oostelijke Vechtoever,1,28,5.06590118601988,52.2805496218431
Aetsveld/Oostelijke Vechtoever,1,29,5.06547148661425,52.285198157139
Aetsveld/Oostelijke Vechtoever,1,30,5.05954029928601,52.2893201331366
Aetsveld/Oostelijke Vechtoever,1,31,5.05276914468519,52.2864852548047
Aetsveld/Oostelijke Vechtoever,1,32,5.05040433066436,52.2878719824101
Aetsveld/Oostelijke Vechtoever,1,33,5.04748423341979,52.2850196889241
Aetsveld/Oostelijke Vechtoever,1,34,5.04277865748143,52.2824881393336
Aetsveld/Oostelijke Vechtoever,1,35,5.04079400915038,52.283880761784
Aetsveld/Oostelijke Vechtoever,1,36,5.03942924908888,52.2832435122316
Aetsveld/Oostelijke Vechtoever,1,37,5.03321245739468,52.2862581043544
Aetsveld/Oostelijke Vechtoever,1,38,5.03052841783541,52.288487181288
Aetsveld/Oostelijke Vechtoever,1,39,5.02438163266932,52.2813574467486
Aetsveld/Oostelijke Vechtoever,1,40,5.02186720897998,52.2826532688961
Aetsveld/Oostelijke Vechtoever,1,41,5.02150108140282,52.3028089414126
Aetsveld/Oostelijke Vechtoever,1,42,5.0427598776426,52.3025177823754
Aetsveld/Oostelijke Vechtoever,1,43,5.04699919736232,52.3015334789571
Aetsveld/Oostelijke Vechtoever,1,44,5.05047042290779,52.2994581074735
Aetsveld/Oostelijke Vechtoever,1,45,5.05326142455237,52.3002414386312
Aetsveld/Oostelijke Vechtoever,1,46,5.05404700051053,52.3006287881562
Aetsveld/Oostelijke Vechtoever,1,47,5.05293525748272,52.3030828141625
Aetsveld/Oostelijke Vechtoever,1,48,5.04834770458231,52.3055986909259
Aetsveld/Oostelijke Vechtoever,1,49,5.0491129508865,52.3073471640476
Aetsveld/Oostelijke Vechtoever,1,50,5.04710498239495,52.3081440233332
Aetsveld/Oostelijke Vechtoever,1,51,5.04665274718617,52.3096194898594
Aetsveld/Oostelijke Vechtoever,1,52,5.05691985847887,52.3106886238315
Aetsveld/Oostelijke Vechtoever,1,53,5.05200183137076,52.3134985684251
Aetsveld/Oostelijke Vechtoever,1,54,5.05199474947358,52.3148749209774
Aetsveld/Oostelijke Vechtoever,1,55,5.06259262563016,52.3176717563893
Aetsveld/Oostelijke Vechtoever,1,56,5.06525945598071,52.3191815199225
Aetsveld/Oostelijke Vechtoever,1,57,5.06572087746508,52.3204816166715
Aetsveld/Oostelijke Vechtoever,1,58,5.06502480016345,52.322149614269
Aetsveld/Oostelijke Vechtoever,1,59,5.06905211068866,52.3215391180639
Amstel III/Bullewijk,1,0,4.94020676071067,52.3193330648497
Amstel III/Bullewijk,1,1,4.97183948058908,52.284360697847
Amstel III/Bullewijk,1,2,4.96972297868837,52.2831178410275
Amstel III/Bullewijk,1,3,4.96767433699811,52.2795823012804
Amstel III/Bullewijk,1,4,4.96616561867528,52.2809798400478
Amstel III/Bullewijk,1,5,4.96224396894552,52.2802065274339
Amstel III/Bullewijk,1,6,4.96105363428489,52.2781742010784
Amstel III/Bullewijk,1,7,4.95524052492509,52.2783049017332
Amstel III/Bullewijk,1,8,4.92947280945851,52.3074136055855
Amstel III/Bullewijk,1,9,4.9300651532287,52.3093399959421
Amstel III/Bullewijk,1,10,4.93635161575331,52.3126628053759
Amstel III/Bullewijk,1,11,4.93522903911486,52.3138887704827
Amstel III/Bullewijk,1,12,4.93872388334037,52.315091065557
Amstel III/Bullewijk,1,13,4.93804157835586,52.3165054911278
Amstel III/Bullewijk,1,14,4.93983036005085,52.3171195824196
Amstel III/Bullewijk,1,15,4.9403314675381,52.318302299844
Amstel III/Bullewijk,1,16,4.93958477754559,52.3191197736939
Amstel III/Bullewijk,1,17,4.94020676071067,52.3193330648497
Venserpolder,1,0,4.95286094937125,52.3224358087185
Venserpolder,1,1,4.94757029871045,52.3204096588861
Venserpolder,1,2,4.95045522302642,52.317166796822
Venserpolder,1,3,4.94381673520103,52.3150220476952
Venserpolder,1,4,4.94025338942875,52.3190612924321
Venserpolder,1,5,4.94104284619014,52.3196197887297
Venserpolder,1,6,4.93992693508757,52.3219360030635
Venserpolder,1,7,4.93761907801408,52.3232993832984
Venserpolder,1,8,4.94049379078059,52.325677820682
Venserpolder,1,9,4.94765867602045,52.3281382785957
Venserpolder,1,10,4.95286094937125,52.3224358087185
Amsterdamse Poort e.o.,1,0,4.95675144607374,52.3240446354631
Amsterdamse Poort e.o.,1,1,4.97141722042932,52.307995271106
Amsterdamse Poort e.o.,1,2,4.96536859456307,52.305918529123
Amsterdamse Poort e.o.,1,3,4.95705125482468,52.3140961036928
Amsterdamse Poort e.o.,1,4,4.94750584465968,52.3108069111193
Amsterdamse Poort e.o.,1,5,4.94396767027614,52.3146707236014
Amsterdamse Poort e.o.,1,6,4.95045522302642,52.317166796822
Amsterdamse Poort e.o.,1,7,4.94769297343001,52.3206143527811
Amsterdamse Poort e.o.,1,8,4.95675144607374,52.3240446354631
H-buurt,1,0,4.96092619197541,52.3098537600294
H-buurt,1,1,4.96156060771994,52.3100701873724
H-buurt,1,2,4.96536859456307,52.305918529123
H-buurt,1,3,4.95539890040012,52.3024953154453
H-buurt,1,4,4.94750584465968,52.3108069111193
H-buurt,1,5,4.95705125482468,52.3140961036928
H-buurt,1,6,4.96092619197541,52.3098537600294
Ganzenhoef e.o.,1,0,4.96754118911964,52.3277575894179
Ganzenhoef e.o.,1,1,4.97390036723862,52.3227011831491
Ganzenhoef e.o.,1,2,4.97690278485939,52.3238066554958
Ganzenhoef e.o.,1,3,4.97769898736839,52.3229333057589
Ganzenhoef e.o.,1,4,4.96896711172398,52.3205002630008
Ganzenhoef e.o.,1,5,4.97033509195082,52.3189659996202
Ganzenhoef e.o.,1,6,4.96356303134796,52.3165958226975
Ganzenhoef e.o.,1,7,4.95675144607374,52.3240446354631
Ganzenhoef e.o.,1,8,4.96754118911964,52.3277575894179
Geerdinkhof/Kantershof,1,0,4.97794579005563,52.3311599502119
Geerdinkhof/Kantershof,1,1,4.98494592278604,52.3304280031254
Geerdinkhof/Kantershof,1,2,4.98947415284309,52.327664588983
Geerdinkhof/Kantershof,1,3,4.99689574289078,52.3176423596663
Geerdinkhof/Kantershof,1,4,4.98912856904522,52.314113764708
Geerdinkhof/Kantershof,1,5,4.98772066734148,52.3148890309207
Geerdinkhof/Kantershof,1,6,4.98805052842167,52.3155654216902
Geerdinkhof/Kantershof,1,7,4.98673590105994,52.3175538707328
Geerdinkhof/Kantershof,1,8,4.98594625620383,52.3173693639499
Geerdinkhof/Kantershof,1,9,4.98431319263752,52.3188311463348
Geerdinkhof/Kantershof,1,10,4.98268005897431,52.3182687373169
Geerdinkhof/Kantershof,1,11,4.97997922723913,52.3198102646986
Geerdinkhof/Kantershof,1,12,4.97690278485939,52.3238066554958
Geerdinkhof/Kantershof,1,13,4.97390036723862,52.3227011831491
Geerdinkhof/Kantershof,1,14,4.97047359404906,52.3262879944806
Geerdinkhof/Kantershof,1,15,4.97530711822478,52.330561675801
Geerdinkhof/Kantershof,1,16,4.97794579005563,52.3311599502119
Bijlmermuseum,1,0,4.97769898736839,52.3229333057589
Bijlmermuseum,1,1,4.97997922723913,52.3198102646986
Bijlmermuseum,1,2,4.98268005897431,52.3182687373169
Bijlmermuseum,1,3,4.98431319263752,52.3188311463348
Bijlmermuseum,1,4,4.98594625620383,52.3173693639499
Bijlmermuseum,1,5,4.97510010200962,52.3137962493829
Bijlmermuseum,1,6,4.96896711172398,52.3205002630008
Bijlmermuseum,1,7,4.97769898736839,52.3229333057589
K-buurt,1,0,4.97510010200962,52.3137962493829
K-buurt,1,1,4.98673590105994,52.3175538707328
K-buurt,1,2,4.98805052842167,52.3155654216902
K-buurt,1,3,4.98772066734148,52.3148890309207
K-buurt,1,4,4.98912856904522,52.314113764708
K-buurt,1,5,4.97141722042932,52.307995271106
K-buurt,1,6,4.96356303134796,52.3165958226975
K-buurt,1,7,4.97033509195082,52.3189659996202
K-buurt,1,8,4.97510010200962,52.3137962493829
Holendrecht,1,0,4.97416222339146,52.2956166387087
Holendrecht,1,1,4.9667734832895,52.2943556070481
Holendrecht,1,2,4.96174485369217,52.2953793375064
Holendrecht,1,3,4.95539890040012,52.3024953154453
Holendrecht,1,4,4.97141722042932,52.307995271106
Holendrecht,1,5,4.97626640572313,52.3026852648559
Holendrecht,1,6,4.97871729882526,52.3016062410261
Holendrecht,1,7,4.97771206718284,52.30034352184
Holendrecht,1,8,4.97279012506776,52.2986467310088
Holendrecht,1,9,4.97416222339146,52.2956166387087
Nellestein,1,0,4.99728252716917,52.314211923278
Nellestein,1,1,4.99807919157519,52.314034851338
Nellestein,1,2,4.99611693271785,52.3124427450647
Nellestein,1,3,5.00680870891727,52.3079509479045
Nellestein,1,4,5.00958143496281,52.3053009088599
Nellestein,1,5,5.01189057360698,52.3045044547556
Nellestein,1,6,5.01130950772504,52.3042777896833
Nellestein,1,7,5.0118267756467,52.3037757756974
Nellestein,1,8,5.01422849316485,52.303589722397
Nellestein,1,9,5.01176932565609,52.3033928402162
Nellestein,1,10,5.00795194459151,52.3015485590258
Nellestein,1,11,4.97943662653366,52.3015144141924
Nellestein,1,12,4.9767565077612,52.3023225477014
Nellestein,1,13,4.97141722042932,52.307995271106
Nellestein,1,14,4.98912856904522,52.314113764708
Nellestein,1,15,4.99689574289078,52.3176423596663
Nellestein,1,16,4.99728252716917,52.314211923278
Reigersbos,1,0,4.98185745785866,52.2985893362567
Reigersbos,1,1,4.98216477093894,52.2906710956994
Reigersbos,1,2,4.98357698530956,52.2904593628808
Reigersbos,1,3,4.98290531599226,52.2896520756735
Reigersbos,1,4,4.97183948058908,52.284360697847
Reigersbos,1,5,4.96174485369217,52.2953793375064
Reigersbos,1,6,4.96619158296962,52.2943217830621
Reigersbos,1,7,4.97416222339146,52.2956166387087
Reigersbos,1,8,4.97279012506776,52.2986467310088
Reigersbos,1,9,4.97771206718284,52.30034352184
Reigersbos,1,10,4.97871729882526,52.3016062410261
Reigersbos,1,11,4.97989488436329,52.301513988847
Reigersbos,1,12,4.97994437378249,52.3004728250388
Reigersbos,1,13,4.98185745785866,52.2985893362567
Gein,1,0,4.97989488436329,52.301513988847
Gein,1,1,5.00795194459151,52.3015485590258
Gein,1,2,5.00526479483436,52.2983928330501
Gein,1,3,5.00383450457117,52.2985093161383
Gein,1,4,5.00322684273134,52.2960647528197
Gein,1,5,5.00185125379497,52.295878770591
Gein,1,6,5.00178934579905,52.2927929077424
Gein,1,7,4.99747536729046,52.2891183549641
Gein,1,8,4.98216477093894,52.2906710956994
Gein,1,9,4.98249940404638,52.2950957946443
Gein,1,10,4.98185745785866,52.2985893362567
Gein,1,11,4.97994437378249,52.3004728250388
Gein,1,12,4.97989488436329,52.301513988847
